--
-- PostgreSQL database dump
--

-- Dumped from database version 17.5
-- Dumped by pg_dump version 17.5

SET statement_timeout = 0;
SET lock_timeout = 0;
SET idle_in_transaction_session_timeout = 0;
SET transaction_timeout = 0;
SET client_encoding = 'UTF8';
SET standard_conforming_strings = on;
SELECT pg_catalog.set_config('search_path', '', false);
SET check_function_bodies = false;
SET xmloption = content;
SET client_min_messages = warning;
SET row_security = off;

SET default_tablespace = '';

SET default_table_access_method = heap;

--
-- Name: auth_group; Type: TABLE; Schema: public; Owner: postgres
--

CREATE TABLE public.auth_group (
    id integer NOT NULL,
    name character varying(150) NOT NULL
);


ALTER TABLE public.auth_group OWNER TO postgres;

--
-- Name: auth_group_id_seq; Type: SEQUENCE; Schema: public; Owner: postgres
--

ALTER TABLE public.auth_group ALTER COLUMN id ADD GENERATED BY DEFAULT AS IDENTITY (
    SEQUENCE NAME public.auth_group_id_seq
    START WITH 1
    INCREMENT BY 1
    NO MINVALUE
    NO MAXVALUE
    CACHE 1
);


--
-- Name: auth_group_permissions; Type: TABLE; Schema: public; Owner: postgres
--

CREATE TABLE public.auth_group_permissions (
    id bigint NOT NULL,
    group_id integer NOT NULL,
    permission_id integer NOT NULL
);


ALTER TABLE public.auth_group_permissions OWNER TO postgres;

--
-- Name: auth_group_permissions_id_seq; Type: SEQUENCE; Schema: public; Owner: postgres
--

ALTER TABLE public.auth_group_permissions ALTER COLUMN id ADD GENERATED BY DEFAULT AS IDENTITY (
    SEQUENCE NAME public.auth_group_permissions_id_seq
    START WITH 1
    INCREMENT BY 1
    NO MINVALUE
    NO MAXVALUE
    CACHE 1
);


--
-- Name: auth_permission; Type: TABLE; Schema: public; Owner: postgres
--

CREATE TABLE public.auth_permission (
    id integer NOT NULL,
    name character varying(255) NOT NULL,
    content_type_id integer NOT NULL,
    codename character varying(100) NOT NULL
);


ALTER TABLE public.auth_permission OWNER TO postgres;

--
-- Name: auth_permission_id_seq; Type: SEQUENCE; Schema: public; Owner: postgres
--

ALTER TABLE public.auth_permission ALTER COLUMN id ADD GENERATED BY DEFAULT AS IDENTITY (
    SEQUENCE NAME public.auth_permission_id_seq
    START WITH 1
    INCREMENT BY 1
    NO MINVALUE
    NO MAXVALUE
    CACHE 1
);


--
-- Name: auth_user; Type: TABLE; Schema: public; Owner: postgres
--

CREATE TABLE public.auth_user (
    id integer NOT NULL,
    password character varying(128) NOT NULL,
    last_login timestamp with time zone,
    is_superuser boolean NOT NULL,
    username character varying(150) NOT NULL,
    first_name character varying(150) NOT NULL,
    last_name character varying(150) NOT NULL,
    email character varying(254) NOT NULL,
    is_staff boolean NOT NULL,
    is_active boolean NOT NULL,
    date_joined timestamp with time zone NOT NULL
);


ALTER TABLE public.auth_user OWNER TO postgres;

--
-- Name: auth_user_groups; Type: TABLE; Schema: public; Owner: postgres
--

CREATE TABLE public.auth_user_groups (
    id bigint NOT NULL,
    user_id integer NOT NULL,
    group_id integer NOT NULL
);


ALTER TABLE public.auth_user_groups OWNER TO postgres;

--
-- Name: auth_user_groups_id_seq; Type: SEQUENCE; Schema: public; Owner: postgres
--

ALTER TABLE public.auth_user_groups ALTER COLUMN id ADD GENERATED BY DEFAULT AS IDENTITY (
    SEQUENCE NAME public.auth_user_groups_id_seq
    START WITH 1
    INCREMENT BY 1
    NO MINVALUE
    NO MAXVALUE
    CACHE 1
);


--
-- Name: auth_user_id_seq; Type: SEQUENCE; Schema: public; Owner: postgres
--

ALTER TABLE public.auth_user ALTER COLUMN id ADD GENERATED BY DEFAULT AS IDENTITY (
    SEQUENCE NAME public.auth_user_id_seq
    START WITH 1
    INCREMENT BY 1
    NO MINVALUE
    NO MAXVALUE
    CACHE 1
);


--
-- Name: auth_user_user_permissions; Type: TABLE; Schema: public; Owner: postgres
--

CREATE TABLE public.auth_user_user_permissions (
    id bigint NOT NULL,
    user_id integer NOT NULL,
    permission_id integer NOT NULL
);


ALTER TABLE public.auth_user_user_permissions OWNER TO postgres;

--
-- Name: auth_user_user_permissions_id_seq; Type: SEQUENCE; Schema: public; Owner: postgres
--

ALTER TABLE public.auth_user_user_permissions ALTER COLUMN id ADD GENERATED BY DEFAULT AS IDENTITY (
    SEQUENCE NAME public.auth_user_user_permissions_id_seq
    START WITH 1
    INCREMENT BY 1
    NO MINVALUE
    NO MAXVALUE
    CACHE 1
);


--
-- Name: django_admin_log; Type: TABLE; Schema: public; Owner: postgres
--

CREATE TABLE public.django_admin_log (
    id integer NOT NULL,
    action_time timestamp with time zone NOT NULL,
    object_id text,
    object_repr character varying(200) NOT NULL,
    action_flag smallint NOT NULL,
    change_message text NOT NULL,
    content_type_id integer,
    user_id integer NOT NULL,
    CONSTRAINT django_admin_log_action_flag_check CHECK ((action_flag >= 0))
);


ALTER TABLE public.django_admin_log OWNER TO postgres;

--
-- Name: django_admin_log_id_seq; Type: SEQUENCE; Schema: public; Owner: postgres
--

ALTER TABLE public.django_admin_log ALTER COLUMN id ADD GENERATED BY DEFAULT AS IDENTITY (
    SEQUENCE NAME public.django_admin_log_id_seq
    START WITH 1
    INCREMENT BY 1
    NO MINVALUE
    NO MAXVALUE
    CACHE 1
);


--
-- Name: django_content_type; Type: TABLE; Schema: public; Owner: postgres
--

CREATE TABLE public.django_content_type (
    id integer NOT NULL,
    app_label character varying(100) NOT NULL,
    model character varying(100) NOT NULL
);


ALTER TABLE public.django_content_type OWNER TO postgres;

--
-- Name: django_content_type_id_seq; Type: SEQUENCE; Schema: public; Owner: postgres
--

ALTER TABLE public.django_content_type ALTER COLUMN id ADD GENERATED BY DEFAULT AS IDENTITY (
    SEQUENCE NAME public.django_content_type_id_seq
    START WITH 1
    INCREMENT BY 1
    NO MINVALUE
    NO MAXVALUE
    CACHE 1
);


--
-- Name: django_migrations; Type: TABLE; Schema: public; Owner: postgres
--

CREATE TABLE public.django_migrations (
    id bigint NOT NULL,
    app character varying(255) NOT NULL,
    name character varying(255) NOT NULL,
    applied timestamp with time zone NOT NULL
);


ALTER TABLE public.django_migrations OWNER TO postgres;

--
-- Name: django_migrations_id_seq; Type: SEQUENCE; Schema: public; Owner: postgres
--

ALTER TABLE public.django_migrations ALTER COLUMN id ADD GENERATED BY DEFAULT AS IDENTITY (
    SEQUENCE NAME public.django_migrations_id_seq
    START WITH 1
    INCREMENT BY 1
    NO MINVALUE
    NO MAXVALUE
    CACHE 1
);


--
-- Name: django_session; Type: TABLE; Schema: public; Owner: postgres
--

CREATE TABLE public.django_session (
    session_key character varying(40) NOT NULL,
    session_data text NOT NULL,
    expire_date timestamp with time zone NOT NULL
);


ALTER TABLE public.django_session OWNER TO postgres;

--
-- Name: meals_household; Type: TABLE; Schema: public; Owner: postgres
--

CREATE TABLE public.meals_household (
    id bigint NOT NULL,
    name character varying(255) NOT NULL
);


ALTER TABLE public.meals_household OWNER TO postgres;

--
-- Name: meals_household_id_seq; Type: SEQUENCE; Schema: public; Owner: postgres
--

ALTER TABLE public.meals_household ALTER COLUMN id ADD GENERATED BY DEFAULT AS IDENTITY (
    SEQUENCE NAME public.meals_household_id_seq
    START WITH 1
    INCREMENT BY 1
    NO MINVALUE
    NO MAXVALUE
    CACHE 1
);


--
-- Name: meals_householdingredient; Type: TABLE; Schema: public; Owner: postgres
--

CREATE TABLE public.meals_householdingredient (
    id bigint NOT NULL,
    status smallint NOT NULL,
    household_id bigint NOT NULL,
    ingredient_id bigint NOT NULL,
    CONSTRAINT meals_householdingredient_status_check CHECK ((status >= 0))
);


ALTER TABLE public.meals_householdingredient OWNER TO postgres;

--
-- Name: meals_householdingredient_id_seq; Type: SEQUENCE; Schema: public; Owner: postgres
--

ALTER TABLE public.meals_householdingredient ALTER COLUMN id ADD GENERATED BY DEFAULT AS IDENTITY (
    SEQUENCE NAME public.meals_householdingredient_id_seq
    START WITH 1
    INCREMENT BY 1
    NO MINVALUE
    NO MAXVALUE
    CACHE 1
);


--
-- Name: meals_ingredient; Type: TABLE; Schema: public; Owner: postgres
--

CREATE TABLE public.meals_ingredient (
    id bigint NOT NULL,
    name character varying(255) NOT NULL,
    base_unit character varying(10) NOT NULL,
    portion_description character varying(100),
    icon character varying(100)
);


ALTER TABLE public.meals_ingredient OWNER TO postgres;

--
-- Name: meals_ingredient_id_seq; Type: SEQUENCE; Schema: public; Owner: postgres
--

ALTER TABLE public.meals_ingredient ALTER COLUMN id ADD GENERATED BY DEFAULT AS IDENTITY (
    SEQUENCE NAME public.meals_ingredient_id_seq
    START WITH 1
    INCREMENT BY 1
    NO MINVALUE
    NO MAXVALUE
    CACHE 1
);


--
-- Name: meals_ingredientmeasure; Type: TABLE; Schema: public; Owner: postgres
--

CREATE TABLE public.meals_ingredientmeasure (
    id bigint NOT NULL,
    unit_description character varying(10) NOT NULL,
    multiplier double precision NOT NULL,
    ingredient_id bigint NOT NULL
);


ALTER TABLE public.meals_ingredientmeasure OWNER TO postgres;

--
-- Name: meals_ingredientnutritiontoken; Type: TABLE; Schema: public; Owner: postgres
--

CREATE TABLE public.meals_ingredientnutritiontoken (
    id bigint NOT NULL,
    quantity numeric(5,2) NOT NULL,
    ingredient_id bigint NOT NULL,
    token_id bigint NOT NULL
);


ALTER TABLE public.meals_ingredientnutritiontoken OWNER TO postgres;

--
-- Name: meals_ingredientnutritiontoken_id_seq; Type: SEQUENCE; Schema: public; Owner: postgres
--

ALTER TABLE public.meals_ingredientnutritiontoken ALTER COLUMN id ADD GENERATED BY DEFAULT AS IDENTITY (
    SEQUENCE NAME public.meals_ingredientnutritiontoken_id_seq
    START WITH 1
    INCREMENT BY 1
    NO MINVALUE
    NO MAXVALUE
    CACHE 1
);


--
-- Name: meals_ingredientunitconversion_id_seq; Type: SEQUENCE; Schema: public; Owner: postgres
--

ALTER TABLE public.meals_ingredientmeasure ALTER COLUMN id ADD GENERATED BY DEFAULT AS IDENTITY (
    SEQUENCE NAME public.meals_ingredientunitconversion_id_seq
    START WITH 1
    INCREMENT BY 1
    NO MINVALUE
    NO MAXVALUE
    CACHE 1
);


--
-- Name: meals_meal; Type: TABLE; Schema: public; Owner: postgres
--

CREATE TABLE public.meals_meal (
    id bigint NOT NULL,
    name character varying(255) NOT NULL,
    description text NOT NULL,
    instructions text NOT NULL,
    serves integer NOT NULL,
    overnight_prep boolean NOT NULL,
    "time" integer NOT NULL,
    nuisance_factor double precision NOT NULL,
    image character varying(100),
    CONSTRAINT meals_recipe_serves_check CHECK ((serves >= 0)),
    CONSTRAINT meals_recipe_time_check CHECK (("time" >= 0))
);


ALTER TABLE public.meals_meal OWNER TO postgres;

--
-- Name: meals_mealingredient; Type: TABLE; Schema: public; Owner: postgres
--

CREATE TABLE public.meals_mealingredient (
    id bigint NOT NULL,
    quantidade_desc character varying(100) NOT NULL,
    unit_desc character varying(100) NOT NULL,
    u_quantity character varying(100) NOT NULL,
    u_desc character varying(100) NOT NULL,
    sub character varying(255),
    notas text,
    required boolean NOT NULL,
    ingredient_id bigint NOT NULL,
    meal_id bigint NOT NULL
);


ALTER TABLE public.meals_mealingredient OWNER TO postgres;

--
-- Name: meals_mealingredient_id_seq; Type: SEQUENCE; Schema: public; Owner: postgres
--

ALTER TABLE public.meals_mealingredient ALTER COLUMN id ADD GENERATED BY DEFAULT AS IDENTITY (
    SEQUENCE NAME public.meals_mealingredient_id_seq
    START WITH 1
    INCREMENT BY 1
    NO MINVALUE
    NO MAXVALUE
    CACHE 1
);


--
-- Name: meals_menu; Type: TABLE; Schema: public; Owner: postgres
--

CREATE TABLE public.meals_menu (
    id bigint NOT NULL,
    created_at timestamp with time zone NOT NULL,
    is_active boolean NOT NULL,
    household_id bigint NOT NULL
);


ALTER TABLE public.meals_menu OWNER TO postgres;

--
-- Name: meals_menu_id_seq; Type: SEQUENCE; Schema: public; Owner: postgres
--

ALTER TABLE public.meals_menu ALTER COLUMN id ADD GENERATED BY DEFAULT AS IDENTITY (
    SEQUENCE NAME public.meals_menu_id_seq
    START WITH 1
    INCREMENT BY 1
    NO MINVALUE
    NO MAXVALUE
    CACHE 1
);


--
-- Name: meals_menumeal; Type: TABLE; Schema: public; Owner: postgres
--

CREATE TABLE public.meals_menumeal (
    id bigint NOT NULL,
    state character varying(10) NOT NULL,
    state_updated_at timestamp with time zone NOT NULL,
    meal_id bigint NOT NULL,
    menu_id bigint NOT NULL,
    day_number integer NOT NULL,
    meal_type smallint NOT NULL,
    CONSTRAINT meals_menumeal_day_number_check CHECK ((day_number >= 0)),
    CONSTRAINT meals_menumeal_meal_type_check CHECK ((meal_type >= 0))
);


ALTER TABLE public.meals_menumeal OWNER TO postgres;

--
-- Name: meals_menumeal_id_seq; Type: SEQUENCE; Schema: public; Owner: postgres
--

ALTER TABLE public.meals_menumeal ALTER COLUMN id ADD GENERATED BY DEFAULT AS IDENTITY (
    SEQUENCE NAME public.meals_menumeal_id_seq
    START WITH 1
    INCREMENT BY 1
    NO MINVALUE
    NO MAXVALUE
    CACHE 1
);


--
-- Name: meals_nutritiontoken; Type: TABLE; Schema: public; Owner: postgres
--

CREATE TABLE public.meals_nutritiontoken (
    id bigint NOT NULL,
    name character varying(100) NOT NULL,
    description text NOT NULL
);


ALTER TABLE public.meals_nutritiontoken OWNER TO postgres;

--
-- Name: meals_nutritiontoken_id_seq; Type: SEQUENCE; Schema: public; Owner: postgres
--

ALTER TABLE public.meals_nutritiontoken ALTER COLUMN id ADD GENERATED BY DEFAULT AS IDENTITY (
    SEQUENCE NAME public.meals_nutritiontoken_id_seq
    START WITH 1
    INCREMENT BY 1
    NO MINVALUE
    NO MAXVALUE
    CACHE 1
);


--
-- Name: meals_recipe_id_seq; Type: SEQUENCE; Schema: public; Owner: postgres
--

ALTER TABLE public.meals_meal ALTER COLUMN id ADD GENERATED BY DEFAULT AS IDENTITY (
    SEQUENCE NAME public.meals_recipe_id_seq
    START WITH 1
    INCREMENT BY 1
    NO MINVALUE
    NO MAXVALUE
    CACHE 1
);


--
-- Data for Name: auth_group; Type: TABLE DATA; Schema: public; Owner: postgres
--

COPY public.auth_group (id, name) FROM stdin;
\.


--
-- Data for Name: auth_group_permissions; Type: TABLE DATA; Schema: public; Owner: postgres
--

COPY public.auth_group_permissions (id, group_id, permission_id) FROM stdin;
\.


--
-- Data for Name: auth_permission; Type: TABLE DATA; Schema: public; Owner: postgres
--

COPY public.auth_permission (id, name, content_type_id, codename) FROM stdin;
1	Can add log entry	1	add_logentry
2	Can change log entry	1	change_logentry
3	Can delete log entry	1	delete_logentry
4	Can view log entry	1	view_logentry
5	Can add permission	2	add_permission
6	Can change permission	2	change_permission
7	Can delete permission	2	delete_permission
8	Can view permission	2	view_permission
9	Can add group	3	add_group
10	Can change group	3	change_group
11	Can delete group	3	delete_group
12	Can view group	3	view_group
13	Can add user	4	add_user
14	Can change user	4	change_user
15	Can delete user	4	delete_user
16	Can view user	4	view_user
17	Can add content type	5	add_contenttype
18	Can change content type	5	change_contenttype
19	Can delete content type	5	delete_contenttype
20	Can view content type	5	view_contenttype
21	Can add session	6	add_session
22	Can change session	6	change_session
23	Can delete session	6	delete_session
24	Can view session	6	view_session
25	Can add recipe	7	add_recipe
26	Can change recipe	7	change_recipe
27	Can delete recipe	7	delete_recipe
28	Can view recipe	7	view_recipe
29	Can add ingredient	8	add_ingredient
30	Can change ingredient	8	change_ingredient
31	Can delete ingredient	8	delete_ingredient
32	Can view ingredient	8	view_ingredient
33	Can add meal ingredient	9	add_mealingredient
34	Can change meal ingredient	9	change_mealingredient
35	Can delete meal ingredient	9	delete_mealingredient
36	Can view meal ingredient	9	view_mealingredient
37	Can add meal	7	add_meal
38	Can change meal	7	change_meal
39	Can delete meal	7	delete_meal
40	Can view meal	7	view_meal
41	Can add ingredient unit conversion	10	add_ingredientunitconversion
42	Can change ingredient unit conversion	10	change_ingredientunitconversion
43	Can delete ingredient unit conversion	10	delete_ingredientunitconversion
44	Can view ingredient unit conversion	10	view_ingredientunitconversion
45	Can add ingredient measure	10	add_ingredientmeasure
46	Can change ingredient measure	10	change_ingredientmeasure
47	Can delete ingredient measure	10	delete_ingredientmeasure
48	Can view ingredient measure	10	view_ingredientmeasure
49	Can add ingredient nutrition token	11	add_ingredientnutritiontoken
50	Can change ingredient nutrition token	11	change_ingredientnutritiontoken
51	Can delete ingredient nutrition token	11	delete_ingredientnutritiontoken
52	Can view ingredient nutrition token	11	view_ingredientnutritiontoken
53	Can add nutrition token	12	add_nutritiontoken
54	Can change nutrition token	12	change_nutritiontoken
55	Can delete nutrition token	12	delete_nutritiontoken
56	Can view nutrition token	12	view_nutritiontoken
57	Can add household	13	add_household
58	Can change household	13	change_household
59	Can delete household	13	delete_household
60	Can view household	13	view_household
61	Can add household ingredient	14	add_householdingredient
62	Can change household ingredient	14	change_householdingredient
63	Can delete household ingredient	14	delete_householdingredient
64	Can view household ingredient	14	view_householdingredient
65	Can add menu meal	15	add_menumeal
66	Can change menu meal	15	change_menumeal
67	Can delete menu meal	15	delete_menumeal
68	Can view menu meal	15	view_menumeal
69	Can add menu	16	add_menu
70	Can change menu	16	change_menu
71	Can delete menu	16	delete_menu
72	Can view menu	16	view_menu
\.


--
-- Data for Name: auth_user; Type: TABLE DATA; Schema: public; Owner: postgres
--

COPY public.auth_user (id, password, last_login, is_superuser, username, first_name, last_name, email, is_staff, is_active, date_joined) FROM stdin;
\.


--
-- Data for Name: auth_user_groups; Type: TABLE DATA; Schema: public; Owner: postgres
--

COPY public.auth_user_groups (id, user_id, group_id) FROM stdin;
\.


--
-- Data for Name: auth_user_user_permissions; Type: TABLE DATA; Schema: public; Owner: postgres
--

COPY public.auth_user_user_permissions (id, user_id, permission_id) FROM stdin;
\.


--
-- Data for Name: django_admin_log; Type: TABLE DATA; Schema: public; Owner: postgres
--

COPY public.django_admin_log (id, action_time, object_id, object_repr, action_flag, change_message, content_type_id, user_id) FROM stdin;
\.


--
-- Data for Name: django_content_type; Type: TABLE DATA; Schema: public; Owner: postgres
--

COPY public.django_content_type (id, app_label, model) FROM stdin;
1	admin	logentry
2	auth	permission
3	auth	group
4	auth	user
5	contenttypes	contenttype
6	sessions	session
8	meals	ingredient
9	meals	mealingredient
7	meals	meal
10	meals	ingredientmeasure
11	meals	ingredientnutritiontoken
12	meals	nutritiontoken
13	meals	household
14	meals	householdingredient
15	meals	menumeal
16	meals	menu
\.


--
-- Data for Name: django_migrations; Type: TABLE DATA; Schema: public; Owner: postgres
--

COPY public.django_migrations (id, app, name, applied) FROM stdin;
1	contenttypes	0001_initial	2025-06-11 00:40:44.633833+01
2	auth	0001_initial	2025-06-11 00:40:44.672187+01
3	admin	0001_initial	2025-06-11 00:40:44.684494+01
4	admin	0002_logentry_remove_auto_add	2025-06-11 00:40:44.688929+01
5	admin	0003_logentry_add_action_flag_choices	2025-06-11 00:40:44.702276+01
6	contenttypes	0002_remove_content_type_name	2025-06-11 00:40:44.711114+01
7	auth	0002_alter_permission_name_max_length	2025-06-11 00:40:44.714665+01
8	auth	0003_alter_user_email_max_length	2025-06-11 00:40:44.718279+01
9	auth	0004_alter_user_username_opts	2025-06-11 00:40:44.721187+01
10	auth	0005_alter_user_last_login_null	2025-06-11 00:40:44.723716+01
11	auth	0006_require_contenttypes_0002	2025-06-11 00:40:44.724762+01
12	auth	0007_alter_validators_add_error_messages	2025-06-11 00:40:44.727771+01
13	auth	0008_alter_user_username_max_length	2025-06-11 00:40:44.737373+01
14	auth	0009_alter_user_last_name_max_length	2025-06-11 00:40:44.740885+01
15	auth	0010_alter_group_name_max_length	2025-06-11 00:40:44.743891+01
16	auth	0011_update_proxy_permissions	2025-06-11 00:40:44.747236+01
17	auth	0012_alter_user_first_name_max_length	2025-06-11 00:40:44.750747+01
18	meals	0001_initial	2025-06-11 00:40:44.755804+01
19	sessions	0001_initial	2025-06-11 00:40:44.761334+01
20	meals	0002_ingredient	2025-06-16 15:31:58.122266+01
21	meals	0003_mealingredient_recipe_ingredients	2025-06-16 16:21:28.578746+01
22	meals	0004_rename_recipe_meal	2025-06-17 01:23:18.487759+01
23	meals	0005_ingredient_base_unit_ingredientunitconversion	2025-06-27 22:46:56.445289+01
24	meals	0006_ingredient_portion_description	2025-06-27 22:53:56.996263+01
25	meals	0007_rename_ingredientunitconversion_ingredientmeasure	2025-06-27 23:06:18.940423+01
26	meals	0008_nutritiontoken_ingredientnutritiontoken	2025-07-05 17:32:13.918197+01
27	meals	0009_household_householdingredient	2025-08-19 18:30:20.05683+01
28	meals	0010_ingredient_icon	2025-09-07 01:21:01.507022+01
29	meals	0011_menu_menumeal	2025-09-13 14:58:06.800317+01
30	meals	0012_alter_menumeal_unique_together_menumeal_day_number_and_more	2025-09-13 15:13:30.755744+01
31	meals	0013_meal_image	2025-09-13 15:29:19.16677+01
\.


--
-- Data for Name: django_session; Type: TABLE DATA; Schema: public; Owner: postgres
--

COPY public.django_session (session_key, session_data, expire_date) FROM stdin;
\.


--
-- Data for Name: meals_household; Type: TABLE DATA; Schema: public; Owner: postgres
--

COPY public.meals_household (id, name) FROM stdin;
1	The OG HH
\.


--
-- Data for Name: meals_householdingredient; Type: TABLE DATA; Schema: public; Owner: postgres
--

COPY public.meals_householdingredient (id, status, household_id, ingredient_id) FROM stdin;
448	0	1	1
449	0	1	2
450	0	1	3
451	0	1	4
452	0	1	5
453	0	1	6
454	0	1	7
455	0	1	8
456	0	1	9
457	0	1	10
458	0	1	11
459	0	1	12
460	0	1	13
461	0	1	14
462	0	1	15
463	0	1	16
464	0	1	17
465	0	1	18
466	0	1	19
467	0	1	20
468	0	1	21
469	0	1	22
470	0	1	23
471	0	1	24
472	0	1	25
473	0	1	26
474	0	1	27
475	0	1	28
476	0	1	29
477	0	1	30
478	0	1	31
479	0	1	32
480	0	1	33
481	0	1	34
482	0	1	35
483	0	1	36
484	0	1	37
485	0	1	38
486	0	1	39
487	0	1	40
488	0	1	41
489	0	1	42
490	0	1	43
491	0	1	44
492	0	1	45
493	0	1	46
494	0	1	47
495	0	1	48
496	0	1	49
497	0	1	50
498	0	1	51
499	0	1	52
500	0	1	53
501	0	1	54
502	0	1	55
503	0	1	56
504	0	1	57
505	0	1	58
506	0	1	59
507	0	1	60
508	0	1	61
509	0	1	62
510	0	1	63
511	0	1	64
512	0	1	65
513	0	1	66
514	0	1	67
515	0	1	68
516	0	1	69
517	0	1	70
518	0	1	71
519	0	1	72
520	0	1	73
521	0	1	74
522	0	1	75
523	0	1	76
524	0	1	77
525	0	1	78
526	0	1	79
527	0	1	80
528	0	1	81
529	0	1	82
530	0	1	83
531	0	1	84
532	0	1	85
533	0	1	86
534	0	1	87
535	0	1	88
536	0	1	89
537	0	1	90
538	0	1	91
539	0	1	92
540	0	1	93
541	0	1	94
542	0	1	95
543	0	1	96
544	0	1	97
545	0	1	98
546	0	1	99
547	0	1	100
548	0	1	101
549	0	1	102
550	0	1	103
551	0	1	104
552	0	1	105
553	0	1	106
554	0	1	107
555	0	1	108
556	0	1	109
557	0	1	110
558	0	1	111
559	0	1	112
560	0	1	113
561	0	1	114
562	0	1	115
563	0	1	116
564	0	1	117
565	0	1	118
566	0	1	119
567	0	1	120
568	0	1	121
569	0	1	122
570	0	1	123
571	0	1	124
572	0	1	125
573	0	1	126
574	0	1	127
575	0	1	128
576	0	1	129
577	0	1	130
578	0	1	131
579	0	1	132
580	0	1	133
581	0	1	134
582	0	1	135
583	0	1	136
584	0	1	137
585	0	1	138
586	0	1	139
587	0	1	140
588	0	1	141
589	0	1	142
590	0	1	143
591	0	1	144
592	0	1	145
593	0	1	146
594	0	1	147
595	0	1	148
596	0	1	149
597	0	1	150
598	0	1	151
599	0	1	152
600	0	1	153
601	0	1	154
602	0	1	155
603	0	1	156
604	0	1	157
605	0	1	158
606	0	1	159
607	0	1	160
608	0	1	161
609	0	1	162
610	0	1	163
611	0	1	164
612	0	1	165
613	0	1	166
614	0	1	167
615	0	1	168
616	0	1	169
617	0	1	170
618	0	1	171
619	0	1	172
620	0	1	173
621	0	1	174
622	0	1	175
623	0	1	176
624	0	1	177
625	0	1	178
626	0	1	179
627	0	1	180
628	0	1	181
629	0	1	182
630	0	1	183
631	0	1	184
632	0	1	185
633	0	1	186
634	0	1	187
635	0	1	188
636	0	1	189
637	0	1	190
638	0	1	191
639	0	1	192
640	0	1	193
641	0	1	194
642	0	1	195
643	0	1	196
644	0	1	197
645	0	1	198
646	0	1	199
647	0	1	200
648	0	1	201
649	0	1	202
650	0	1	203
651	0	1	204
652	0	1	205
653	0	1	206
654	0	1	207
655	0	1	208
656	0	1	209
657	0	1	210
658	0	1	211
659	0	1	212
660	0	1	213
661	0	1	214
662	0	1	215
663	0	1	216
664	0	1	217
665	0	1	218
666	0	1	219
667	0	1	220
668	0	1	221
669	0	1	222
670	0	1	223
671	0	1	224
672	0	1	225
673	0	1	226
674	0	1	227
675	0	1	228
676	0	1	229
677	0	1	230
678	0	1	231
679	0	1	232
680	0	1	233
681	0	1	234
682	0	1	235
683	0	1	236
684	0	1	237
685	0	1	238
686	0	1	239
687	0	1	240
688	0	1	241
689	0	1	242
690	0	1	243
691	0	1	244
692	0	1	245
693	0	1	246
694	0	1	247
695	0	1	248
696	0	1	249
697	0	1	250
698	0	1	251
699	0	1	252
\.


--
-- Data for Name: meals_ingredient; Type: TABLE DATA; Schema: public; Owner: postgres
--

COPY public.meals_ingredient (id, name, base_unit, portion_description, icon) FROM stdin;
1	sal	g	\N	ingredient_icons/sal.png
2	carne picada (vaca)	g	\N	ingredient_icons/carne_picada_vaca.png
5	cebola amarela	g	140g	ingredient_icons/cebola_amarela.png
7	concentrado de tomate	g	\N	ingredient_icons/concentrado_de_tomate.png
11	passata	ml	\N	ingredient_icons/passata.png
15	alho (dentes)	g	\N	ingredient_icons/alho_dentes.png
17	pimento vermelho	g	150g	ingredient_icons/pimento_vermelho.png
21	pimenta cayena	g	\N	ingredient_icons/pimenta_cayena.png
23	cominho em pó	g	\N	ingredient_icons/cominho_em_po.png
26	cebola em pó	g	\N	ingredient_icons/cebola_em_po.png
29	chocolate negro	g	\N	ingredient_icons/chocolate_negro.png
32	salsa	g	\N	ingredient_icons/salsa.png
35	miso	g	\N	ingredient_icons/miso.png
37	konbu	g	quadrado pequeno	ingredient_icons/konbu.png
40	cogumelos shitake secos	g	\N	ingredient_icons/cogumelos_shitake_secos.png
43	caldo de frango	ml	\N	ingredient_icons/caldo_de_frango.png
45	molho de soja escuro	ml	\N	ingredient_icons/molho_de_soja_escuro.png
49	doubanjiang	g	\N	ingredient_icons/doubanjiang.png
52	vinho shaoxing	ml	\N	ingredient_icons/vinho_shaoxing.png
54	carne picada (porco)	g	\N	ingredient_icons/carne_picada_porco.png
57	bife de vaca	g	200g	ingredient_icons/bife_de_vaca.png
59	limão (sumo)	ml	\N	ingredient_icons/limao_sumo.png
62	couve de bruxelas	g	\N	ingredient_icons/couve_de_bruxelas.png
66	feijão preto	g	\N	ingredient_icons/feijao_preto.png
69	tomate cherry	g	\N	ingredient_icons/tomate_cherry.png
71	vinagre balsamico	ml	\N	ingredient_icons/vinagre_balsamico.png
74	vinagre de sushi	ml	\N	ingredient_icons/vinagre_de_sushi.png
77	queijo vache que ri	g	\N	ingredient_icons/queijo_vache_que_ri.png
80	beringela	g	250g	ingredient_icons/beringela.png
82	manteiga	g	\N	ingredient_icons/manteiga.png
85	sementes de coentros em pó	g	\N	ingredient_icons/sementes_de_coentros_em_po.png
87	pão artesanal	g	fatia de 80g	ingredient_icons/pao_artesanal.png
91	tomate para salada	g	120g	ingredient_icons/tomate_para_salada.png
94	peito de frango	g	200g	ingredient_icons/peito_de_frango.png
96	coxa de frango desossada	g	150g	ingredient_icons/coxa_de_frango_desossada.png
100	cravinho em pó	g	\N	ingredient_icons/cravinho_em_po.png
103	camarão	g	15g de corpo	ingredient_icons/camarao.png
105	choquinho (limpo)	g	100g	ingredient_icons/choquinho_limpo.png
110	vinho branco	ml	\N	ingredient_icons/vinho_branco.png
112	alcaparras	g	\N	ingredient_icons/alcaparras.png
115	esparguete	g	\N	ingredient_icons/esparguete.png
117	guanciale	g	\N	ingredient_icons/guanciale.png
119	vinagre de sidra	ml	\N	ingredient_icons/vinagre_de_sidra.png
121	pimento piquillo (conserva)	g	30g	ingredient_icons/pimento_piquillo_conserva.png
125	cebola rouxa	g	140g	ingredient_icons/cebola_rouxa.png
128	rebentos de soja	g	\N	ingredient_icons/rebentos_de_soja.png
131	manga	ml	\N	ingredient_icons/manga.png
133	arroz agulha	g	\N	ingredient_icons/arroz_agulha.png
171	malagueta verde	g	10g	ingredient_icons/malagueta_verde.png
174	menta	g	\N	ingredient_icons/menta.png
176	sementes de funcho	g	\N	ingredient_icons/sementes_de_funcho.png
178	feijão vermelho (cozido)	g	\N	ingredient_icons/feijao_vermelho_cozido.png
182	batata branca para fritar	g	220g	ingredient_icons/batata_branca_para_fritar.png
185	manjericão	g	\N	ingredient_icons/manjericao.png
187	parmesão	g	\N	ingredient_icons/parmesao.png
190	mozarela	g	\N	ingredient_icons/mozarela.png
192	penne rigate	g	\N	ingredient_icons/penne_rigate.png
194	açucar de palma	g	\N	ingredient_icons/acucar_de_palma.png
3	aipo	g	\N	ingredient_icons/aipo.png
4	cenoura	g	100g	ingredient_icons/cenoura.png
6	pancetta	g	\N	ingredient_icons/pancetta.png
8	vinho tinto	ml	\N	ingredient_icons/vinho_tinto.png
9	pimenta preta	g	\N	ingredient_icons/pimenta_preta.png
10	azeite	ml	\N	ingredient_icons/azeite.png
12	caldo de vegetais	ml	\N	ingredient_icons/caldo_de_vegetais.png
13	leite	ml	\N	ingredient_icons/leite.png
16	cebola	g	140g	ingredient_icons/cebola.png
14	tagliatele	g	dose de 120g	
18	polpa de tomate	ml	\N	ingredient_icons/polpa_de_tomate.png
19	caldo de vaca	ml	\N	ingredient_icons/caldo_de_vaca.png
20	açucar	g	\N	ingredient_icons/acucar.png
22	paprika	g	\N	ingredient_icons/paprika.png
24	paprika fumada	g	\N	ingredient_icons/paprika_fumada.png
25	alho em pó	g	\N	ingredient_icons/alho_em_po.png
27	oregãos	g	\N	ingredient_icons/oregaos.png
28	café em pó	g	\N	ingredient_icons/cafe_em_po.png
30	feijão Frade	g	\N	ingredient_icons/feijao_frade.png
31	atum (em lata)	g	\N	ingredient_icons/atum_em_lata.png
33	ovos	u	\N	ingredient_icons/ovos.png
34	ramen	g	\N	ingredient_icons/ramen.png
36	gochujang	g	\N	ingredient_icons/gochujang.png
38	sementes de sesamo	g	\N	ingredient_icons/sementes_de_sesamo.png
39	sake	ml	\N	ingredient_icons/sake.png
41	gengibre	g	50g	ingredient_icons/gengibre.png
42	cebolinha	g	\N	ingredient_icons/cebolinha.png
44	molho de soja	ml	\N	ingredient_icons/molho_de_soja.png
46	pimenta branca	g	\N	ingredient_icons/pimenta_branca.png
106	delicias de mar	g	\N	
47	nori	g	\N	ingredient_icons/nori.png
48	wakame	g	\N	ingredient_icons/wakame.png
50	pimentas sichuan	g	\N	ingredient_icons/pimentas_sichuan.png
51	tofu	g	\N	ingredient_icons/tofu.png
53	oleo vegetal	ml	\N	ingredient_icons/oleo_vegetal.png
55	amido de milho	g	\N	ingredient_icons/amido_de_milho.png
56	chillies secos	g	\N	ingredient_icons/chillies_secos.png
58	vinagre tinto	ml	\N	ingredient_icons/vinagre_tinto.png
60	piri piri fresco	g	\N	ingredient_icons/piri_piri_fresco.png
61	grão cozido	g	\N	ingredient_icons/grao_cozido.png
63	tahini	g	\N	ingredient_icons/tahini.png
64	sumac	g	\N	ingredient_icons/sumac.png
65	izote	g	\N	ingredient_icons/izote.png
67	abacate	g	\N	ingredient_icons/abacate.png
68	quinoa	g	\N	ingredient_icons/quinoa.png
70	coentros	g	\N	ingredient_icons/coentros.png
72	salmão	g	100g	ingredient_icons/salmao.png
73	arroz de sushi	g	\N	ingredient_icons/arroz_de_sushi.png
75	mimos de pescada	g	60g	ingredient_icons/mimos_de_pescada.png
76	sriracha	ml	\N	ingredient_icons/sriracha.png
78	cebolinho	g	\N	ingredient_icons/cebolinho.png
79	iogurte	g	\N	ingredient_icons/iogurte.png
81	pasta de pimentão	g	\N	ingredient_icons/pasta_de_pimentao.png
83	mel	g	\N	ingredient_icons/mel.png
84	tomate de cacho	g	125g	ingredient_icons/tomate_de_cacho.png
86	queijo feta	g	150g	ingredient_icons/queijo_feta.png
88	grão seco	g	\N	ingredient_icons/grao_seco.png
89	wraps	g	60g	ingredient_icons/wraps.png
90	alface	g	\N	ingredient_icons/alface.png
92	pepino	g	300g	ingredient_icons/pepino.png
93	dill	g	\N	ingredient_icons/dill.png
95	pitas	g	60g	ingredient_icons/pitas.png
97	curcuma em pó	g	\N	ingredient_icons/curcuma_em_po.png
98	pimenta da jamaica em pó	g	\N	ingredient_icons/pimenta_da_jamaica_em_po.png
99	cardamomo em pó	g	\N	ingredient_icons/cardamomo_em_po.png
101	pickles	g	65g	ingredient_icons/pickles.png
102	arroz carolino	g	\N	ingredient_icons/arroz_carolino.png
104	ameijoas	g	\N	ingredient_icons/ameijoas.png
107	msg	g	\N	ingredient_icons/msg.png
108	flocos de malagueta	g	\N	ingredient_icons/flocos_de_malagueta.png
109	chalota	g	30g	ingredient_icons/chalota.png
111	caldo de marisco	ml	\N	ingredient_icons/caldo_de_marisco.png
113	anchovas	g	5g	ingredient_icons/anchovas.png
114	azeitona preta	g	\N	ingredient_icons/azeitona_preta.png
116	pecorino	g	\N	ingredient_icons/pecorino.png
118	lentilhas verdes	g	\N	ingredient_icons/lentilhas_verdes.png
120	chipotle em pó	g	\N	ingredient_icons/chipotle_em_po.png
122	queijo para derreter	g	\N	ingredient_icons/queijo_para_derreter.png
123	tomate roma	g	60g	ingredient_icons/tomate_roma.png
124	lima (sumo)	ml	\N	ingredient_icons/lima_sumo.png
126	couve	g	1500g	ingredient_icons/couve.png
127	massa chinesa	g	\N	ingredient_icons/massa_chinesa.png
129	bambu	g	\N	ingredient_icons/bambu.png
130	molho de ostras	g	\N	ingredient_icons/molho_de_ostras.png
132	oleo de sesamo	ml	\N	ingredient_icons/oleo_de_sesamo.png
134	malagueta vermelha	g	\N	ingredient_icons/malagueta_vermelha.png
135	oleo de amendoin	ml	\N	
195	amendoin torrado	g	\N	
196	posta de robalo	u	\N	
197	massa de pho	g	\N	
198	ossos de vaca	g	\N	
199	carne de vaca	g	\N	
200	lulas	g	\N	
201	cerveja trapista	ml	\N	
202	mustarda dijon	g	\N	
203	pimenta rosa	g	\N	
204	pimenta verde	g	\N	
205	brandy	ml	\N	
206	pimentos ñora	g	\N	
207	folhas de lasanha	g	\N	
208	bechamel	ml	\N	
209	molho agridoce	ml	\N	
210	bok choi	g	\N	
211	pasta de sesamo chinesa	g	\N	
212	vinagre chinkiang	ml	\N	
213	chilli oil chines	ml	\N	
214	cogumelos shitake	g	\N	
215	pó de frango	g	\N	
216	wrappers de wonton	g	\N	
217	nuggets	g	\N	
218	gengibre de sushi	g	\N	
219	maionese kewpie	g	\N	
220	vinagre de arroz	ml	\N	
221	pão de forma	g	\N	
222	fiambre de peru fumado	g	\N	
223	ketchup	g	\N	
224	queijo gouda	g	\N	
225	mustarda amarela	g	\N	
226	vinagre branco	ml	\N	
227	hamburguer de vaca	g	\N	
228	natas	ml	\N	
229	ciabatta	g	\N	
230	salmão fumado	g	\N	
231	queijo crème	g	\N	
232	tomates sun dried	g	\N	
233	espinafres	g	\N	
234	gnochi	g	\N	
235	posta de bacalhau	g	200	
236	couve coração	g	\N	
237	batata palha	g	\N	
238	douradinhos	g	\N	
239	arroz jasmin	g	\N	
240	panko	g	\N	
241	queijo fundido	g	\N	
242	pão brioche	g	\N	
243	pimenta da jamaica	g	\N	
244	compal de pessego pequeno	ml	\N	
245	sopa de cebola	g	\N	
247	amendoas torradas	g	\N	
248	passas	g	\N	
249	lima sun dried	g	\N	
250	coxa de frango	g	\N	
251	melaço de romã	ml	\N	
252	romã	g	\N	
136	pasta de camarão	g	\N	ingredient_icons/pasta_de_camarao.png
137	kecap manis	ml	\N	ingredient_icons/kecap_manis.png
138	arroz basmati	g	\N	ingredient_icons/arroz_basmati.png
139	cebola frita	g	\N	ingredient_icons/cebola_frita.png
140	carne de vaca (estufar)	g	\N	ingredient_icons/carne_de_vaca_estufar.png
141	canela	g	5g	ingredient_icons/canela.png
142	cravinho	g	\N	ingredient_icons/cravinho.png
143	estrela de anis	g	\N	ingredient_icons/estrela_de_anis.png
144	cardamomo verde	g	\N	ingredient_icons/cardamomo_verde.png
145	erva principe	g	\N	ingredient_icons/erva_principe.png
146	leite de coco	ml	\N	ingredient_icons/leite_de_coco.png
147	polpa de tamarindo	g	\N	ingredient_icons/polpa_de_tamarindo.png
148	folhas de lima kaffir	g	\N	ingredient_icons/folhas_de_lima_kaffir.png
149	coco ralado	g	\N	ingredient_icons/coco_ralado.png
150	cogumelos marron	g	20g	ingredient_icons/cogumelos_marron.png
151	queijo cheddar	g	fatia de 20g	ingredient_icons/queijo_cheddar.png
152	farinha	g	\N	ingredient_icons/farinha.png
153	tomilho seco	g	\N	ingredient_icons/tomilho_seco.png
154	pão de hamburguer	g	80g	ingredient_icons/pao_de_hamburguer.png
155	maionese	g	\N	ingredient_icons/maionese.png
156	pão ralado	g	\N	ingredient_icons/pao_ralado.png
157	jalapeno	g	15g	ingredient_icons/jalapeno.png
158	tomate	g	\N	ingredient_icons/tomate.png
159	cebola branca	g	140g	ingredient_icons/cebola_branca.png
160	caril em pó	g	\N	ingredient_icons/caril_em_po.png
161	garam masala	g	\N	ingredient_icons/garam_masala.png
162	cardamomo preto	g	\N	ingredient_icons/cardamomo_preto.png
163	louro	g	\N	ingredient_icons/louro.png
164	kashmiri chilli em pó	g	\N	ingredient_icons/kashmiri_chilli_em_po.png
165	flocos de bonito	g	\N	ingredient_icons/flocos_de_bonito.png
166	teryaki	ml	\N	ingredient_icons/teryaki.png
167	sementes de papoila	g	\N	ingredient_icons/sementes_de_papoila.png
168	pasta de caril vermelho	g	\N	ingredient_icons/pasta_de_caril_vermelho.png
169	molho de peixe	ml	\N	ingredient_icons/molho_de_peixe.png
170	pernas de frango	g	120g	ingredient_icons/pernas_de_frango.png
172	cominhos	g	\N	ingredient_icons/cominhos.png
173	açafrão	g	\N	ingredient_icons/acafrao.png
175	sementes de coentros	g	\N	ingredient_icons/sementes_de_coentros.png
177	mandioca	g	\N	ingredient_icons/mandioca.png
179	noz moscada	g	\N	ingredient_icons/noz_moscada.png
180	alface iceberg	g	\N	ingredient_icons/alface_iceberg.png
181	milho	g	\N	ingredient_icons/milho.png
183	piri piri seco	g	\N	ingredient_icons/piri_piri_seco.png
184	baguette	g	500g	ingredient_icons/baguette.png
186	pinhão	g	\N	ingredient_icons/pinhao.png
188	fusili	g	\N	ingredient_icons/fusili.png
189	fermento de padeiro	g	\N	ingredient_icons/fermento_de_padeiro.png
191	polvo	g	\N	ingredient_icons/polvo.png
193	noodles de arroz (largos)	g	\N	ingredient_icons/noodles_de_arroz_largos.png
246	pimento verde	g	\N	ingredient_icons/pimento_verde.png
\.


--
-- Data for Name: meals_ingredientmeasure; Type: TABLE DATA; Schema: public; Owner: postgres
--

COPY public.meals_ingredientmeasure (id, unit_description, multiplier, ingredient_id) FROM stdin;
1736	qb	0	1
1737	g	0.01	2
1738	g	0.01	3
1739	g	0.01	4
1740	g	0.01	5
1741	g	0.01	6
1742	tbsp	0.14	7
1743	c	0.4	8
1744	qb	0	9
1745	tbsp	0.15	10
1746	g	0.01	11
1747	g	0.01	12
1748	ml	0.01	13
1749	u	1.2	14
1750	u	0.05	15
1751	u	1.4	16
1752	u	1.5	17
1753	g	0.01	18
1754	u	5	19
1755	tsp	0.03	20
1756	tsp	0.03	21
1757	tsp	0.15	22
1758	tsp	0.03	23
1759	tsp	0.03	24
1760	tsp	0.5	25
1761	tsp	0.07	26
1762	tsp	0.15	1
1763	tsp	0.2	27
1764	tsp	0.15	28
1765	u	0.1	29
1766	g	0.01	30
1767	g	0.01	31
1768	qb	0.03	32
1769	u	1	33
1770	u	0.9	34
1771	tbsp	0.16	35
1772	tbsp	0.03	36
1773	u	0.03	37
1774	tbsp	0.15	38
1775	tbsp	0.15	39
1776	u	0.03	40
1777	tsp	0.15	41
1778	u	0.15	42
1779	u	0.2	43
1780	tbsp	0.15	44
1781	tsp	0.05	45
1782	qb	0	46
1783	u	0.03	47
1784	u	0.03	48
1785	tbsp	0.15	49
1786	tbsp	0.05	50
1787	tbsp	0.15	52
1788	g	0.01	51
1789	tbsp	0.15	53
1790	g	0.01	54
1791	c	0.4	19
1792	tsp	0.05	44
1793	tbsp	0.07	55
1794	qb	0	56
1795	u	2	57
1796	tbsp	0.15	58
1797	tsp	0.05	59
1798	tbsp	0.04	32
1799	u	0.07	60
1800	g	0.01	61
1801	u	0.15	62
1802	tbsp	0.15	63
1803	u	0.5	59
1804	qb	0	10
1805	qb	0	64
1806	qb	0	65
1807	g	0.01	66
1808	u	1.5	67
1809	c	0.56	68
1810	u	0.15	69
1811	qb	0	70
1812	tbsp	0.15	71
1813	qb	0	27
1814	u	1	72
1815	c	0.5	73
1816	tbsp	0.15	74
1817	u	0.6	75
1818	qb	0	76
1819	u	0.2	77
1820	qb	0	78
1821	qb	0	44
1822	qb	0	47
1823	c	0.41	79
1824	u	2.5	80
1825	tbsp	0.15	81
1826	tbsp	0.15	82
1827	tbsp	0.07	22
1828	tbsp	0.07	24
1829	u	1.25	84
1830	tbsp	0.07	23
1831	tbsp	0.07	85
1832	u	1.5	86
1833	u	0.8	87
1834	c	0.5	88
1835	u	0.01	32
1836	g	0.01	70
1837	u	0.6	89
1838	u	6	90
1839	u	1.2	91
1840	tsp	0.02	64
1841	u	3	92
1842	tsp	0.01	93
1843	u	2	94
1844	u	1.5	96
1845	u	0.6	95
1846	tsp	0.05	7
1847	tsp	0.05	81
1848	tsp	0.02	97
1849	tsp	0.02	98
1850	tsp	0.02	99
1851	tsp	0.02	100
1852	u	0.65	101
1853	g	0.01	102
1854	u	0.15	103
1855	g	0.01	104
1856	u	1	105
1857	u	0.25	106
1858	tsp	0.02	107
1859	tsp	0.02	108
1860	u	0.3	109
1861	c	0.4	110
1862	ml	0.01	111
1863	u	0.05	113
1864	tbsp	0.11	112
1865	tbsp	0.05	114
1866	u	1	115
1867	g	0.01	116
1868	g	0.01	117
1869	g	0.01	84
1870	c	0.53	118
1871	u	1.4	5
1872	tbsp	0.15	119
1873	tbsp	0.07	120
1874	u	0.3	121
1875	qb	0	122
1876	u	0.6	123
1877	u	0.33	124
1878	u	1.4	125
1879	c	0.7	126
1880	u	1	4
1881	g	0.01	127
1882	c	0.91	128
1883	tbsp	0.05	129
1884	tsp	0.02	55
1885	tbsp	0.18	130
1886	tsp	0.05	132
1887	c	0.5	133
1888	tbsp	0.07	107
1889	u	0.5	41
1890	u	0.1	134
1891	tbsp	0.15	135
1892	tbsp	0.15	132
1893	c	0.53	138
1894	tsp	0.05	136
1895	tbsp	0.15	137
1896	qb	0	139
1897	g	0.01	140
1898	u	0	141
1899	u	0	142
1900	u	0	143
1901	u	0	144
1902	u	0.03	145
1903	c	0.4	146
1904	tsp	0.05	147
1905	u	0.01	148
1906	tbsp	0.07	149
1907	u	0.2	150
1908	c	0.89	151
1909	c	0.8	152
1910	tsp	0.01	153
1911	tsp	0.02	9
1912	u	0.8	154
1913	tbsp	0.14	155
1914	c	1	156
1915	u	0.15	157
1916	u	1.25	158
1917	u	1.4	159
1918	g	0.01	94
1919	tbsp	0.07	160
1920	g	0.01	146
1921	tsp	0.02	161
1922	tbsp	0.15	79
1923	u	0	162
1924	u	0	163
1925	tsp	0.02	85
1926	tsp	0.02	164
1927	c	0.12	165
1928	tbsp	0.05	48
1929	tbsp	0.15	166
1930	u	1500	126
1931	tsp	0.02	38
1932	c	0.43	155
1933	u	0.8	3
1934	u	0.2	151
1935	tsp	0.02	167
1936	tbsp	0.15	168
1937	ml	0.01	43
1938	tbsp	0.15	169
1939	tsp	0.02	160
1940	u	1.2	170
1941	tbsp	0.17	1
1942	u	0.1	171
1943	tbsp	0.05	139
1944	tbsp	0.05	172
1945	tsp	0.02	142
1946	g	0.01	13
1947	qb	0	173
1948	c	0.25	70
1949	c	0.25	174
1950	c	0.8	175
1951	tsp	0.02	176
1952	qb	0	179
1953	g	0.01	103
1954	g	0.01	177
1955	tsp	0.02	120
1956	tsp	0.03	15
1957	u	6	180
1958	c	0.61	181
1959	g	0.01	122
1960	u	2.2	182
1961	c	0.01	10
1962	u	0	183
1963	u	5	184
1964	qb	0	59
1965	g	0.01	185
1966	g	0.01	186
1967	g	0.01	187
1968	g	0.01	188
1969	g	0.01	152
1970	tbsp	0.13	20
1971	tbsp	0.07	189
1972	u	1.25	190
1973	g	0.01	138
1974	g	0.01	191
1975	g	0.01	87
1976	g	0.01	192
1977	tsp	0.01	165
1978	tbsp	0.15	13
1979	tbsp	0.05	175
1980	tbsp	0.05	153
1981	ml	0.01	10
1982	g	0.01	96
1983	g	0.01	193
1984	tbsp	0.15	194
1985	tbsp	0.15	147
1986	tbsp	0.11	45
1987	tbsp	0.4	195
1988	g	0.01	178
1989	u	1.2	196
1990	g	0.01	197
1991	g	0.01	198
1992	g	0.01	199
1993	g	0.01	175
1994	g	0.01	20
1995	ml	0.01	18
1996	tbsp	0.15	25
1997	tbsp	0.15	26
1998	u	0.85	31
1999	g	0.01	200
2000	ml	0.01	201
2001	tbsp	0.16	202
2002	tbsp	0.15	19
2003	tbsp	0.12	9
2004	tbsp	0.12	46
2005	tbsp	0.12	203
2006	tbsp	0.12	204
2007	tsp	0.05	202
2008	c	0.4	13
2009	c	0.4	205
2010	g	0.01	32
2011	u	0.08	206
2012	c	0.4	111
2013	g	0.01	207
2014	ml	0.01	208
2015	c	1.2	122
2016	u	0.3	185
2017	g	0.01	17
2018	c	1.22	55
2019	u	2.4	209
2020	u	1.8	210
2021	tsp	0.05	211
2022	tbsp	0.15	212
2023	tsp	0.02	50
2024	tsp	0.05	52
2025	u	0.12	214
2026	c	0.4	43
2027	tsp	0.02	215
2028	u	0.03	216
2029	tbsp	0.15	213
2030	u	0.22	217
2031	tsp	0.05	220
2032	tbsp	0.16	219
2033	qb	0	132
2034	tsp	0.05	76
2035	u	0.22	221
2036	tsp	0.05	82
2037	g	0.01	90
2038	g	0.01	222
2039	u	0.22	224
2040	tbsp	0.16	223
2041	tsp	0.05	225
2042	tsp	0.05	226
2043	u	1.2	227
2044	tbsp	0.15	161
2045	tbsp	0.06	41
2046	ml	0.01	228
2047	u	1	229
2048	u	0.18	230
2049	g	0.01	231
2050	g	0.01	232
2051	c	0.3	233
2052	c	0.9	187
2053	g	0.01	10
2054	g	0.01	234
2055	u	2	235
2056	g	0.01	236
2057	g	0.01	237
2058	u	0.28	238
2059	c	1.8	239
2060	g	0.01	75
2061	c	0.6	240
2062	qb	0	53
2063	u	0.2	241
2064	u	0.7	242
2065	tbsp	0.15	152
2066	g	0.01	155
2067	tsp	0.01	32
2068	tsp	0.03	112
2069	tbsp	0.15	59
2070	qb	0	110
2071	tbsp	0.16	225
2072	tsp	0.02	243
2073	tsp	0.02	172
2074	tsp	0.02	175
2075	tsp	0.02	65
2076	u	0.2	244
2077	u	0.5	245
2078	g	0.01	189
2079	u	1.4	246
2080	g	0.01	153
2081	tbsp	0.15	226
2082	u	0.3	70
2083	tbsp	0.12	247
2084	tbsp	0.1	248
2085	c	1.6	248
2086	u	0.1	249
2087	u	1.4	250
2088	qb	0	251
2089	u	2.1	252
2090	u	0.02	247
2091	tsp	0.03	141
2092	tbsp	0.1	232
2093	c	0.4	44
2094	c	0.4	226
\.


--
-- Data for Name: meals_ingredientnutritiontoken; Type: TABLE DATA; Schema: public; Owner: postgres
--

COPY public.meals_ingredientnutritiontoken (id, quantity, ingredient_id, token_id) FROM stdin;
1	1.00	3	5
2	1.00	4	5
3	1.00	5	5
4	5.50	7	5
5	1.00	11	5
6	1.00	15	5
7	1.00	16	5
8	1.00	17	5
9	1.00	18	5
10	0.10	27	5
11	1.00	30	6
12	1.00	31	3
13	1.00	32	5
14	0.50	35	6
15	0.20	36	5
16	0.10	36	6
17	10.00	37	5
18	1.00	40	5
19	1.00	41	5
20	1.00	42	5
21	10.00	47	5
22	10.00	48	5
23	0.30	49	5
24	0.50	49	6
25	4.50	56	5
26	1.00	60	5
27	1.00	61	6
28	1.00	62	5
29	1.00	66	6
30	1.00	69	5
31	1.00	70	5
32	1.00	72	3
33	1.00	75	3
34	1.00	78	5
35	1.00	80	5
36	1.00	81	5
37	1.00	84	5
38	1.00	88	6
39	1.00	90	5
40	1.00	91	5
41	1.00	92	5
42	1.00	93	5
43	1.00	101	5
44	1.00	103	4
45	1.00	104	4
46	1.00	105	4
47	1.00	106	4
48	1.00	109	5
49	1.00	112	5
50	1.00	113	3
51	1.00	114	5
52	1.00	118	6
53	1.00	121	5
54	1.00	123	5
55	1.00	125	5
56	1.00	126	5
57	1.00	128	5
58	1.00	129	5
59	1.00	134	5
60	0.80	136	4
61	0.50	139	5
62	1.00	145	5
63	1.00	148	5
64	1.00	150	5
65	1.00	153	5
66	1.00	157	5
67	1.00	158	5
68	1.00	159	5
69	1.00	171	5
70	1.00	174	5
71	1.00	178	6
72	1.00	180	5
73	1.00	181	5
74	1.00	185	5
75	1.00	191	4
76	1.00	196	3
77	1.00	200	4
78	1.00	206	5
79	1.00	214	5
80	1.00	230	3
81	1.00	232	5
82	1.00	233	5
83	1.00	235	3
84	1.00	236	5
85	0.90	238	3
86	0.50	245	5
87	1.00	246	5
\.


--
-- Data for Name: meals_meal; Type: TABLE DATA; Schema: public; Owner: postgres
--

COPY public.meals_meal (id, name, description, instructions, serves, overnight_prep, "time", nuisance_factor, image) FROM stdin;
34	Burritos	placeholder	placeholder	6	f	60	1	meal_images/burritos.jpg
37	Ameijoas à Bulhão Pato	placeholder	placeholder	2	f	60	1	meal_images/ameijoas_a_bulhao_pato.jpg
41	Açorda de Marisco	placeholder	placeholder	6	f	60	1	meal_images/acorda_de_marisco.jpg
48	Frango desfiado à LDB	placeholder	placeholder	6	f	60	1	meal_images/frango_desfiado_a_ldb.jpg
53	Paella de Marisco	placeholder	placeholder	4	f	60	1	meal_images/paella_de_marisco.jpg
57	Esparguete alle Vongole	placeholder	placeholder	2	f	60	1	meal_images/esparguete_alle_vongole.jpg
61	Chop Suey	placeholder	placeholder	4	f	60	1	meal_images/chop_suey.jpg
64	Turkey Club Sandwich	placeholder	placeholder	2	f	60	1	meal_images/turkey_club_sandwich.jpg
69	Peitos de Frango Compal e Sopa de Cebola	placeholder	placeholder	2	f	60	1	meal_images/peitos_de_frango_compal_e_sopa_de_cebola.jpg
18	Vegetarian Crunchwraps	placeholder	placeholder	8	f	60	1	meal_images/vegetarian_crunchwraps.jpg
23	Hamburgueres de Cogumelos	placeholder	placeholder	4	f	60	1	meal_images/hamburgueres_de_cogumelos.jpg
29	Laksa	placeholder	placeholder	2	f	60	1	meal_images/laksa.jpg
7	Bowl de Hummus e Atum	placeholder	placeholder	3	f	60	1	meal_images/bowl_de_hummus_e_atum.jpg
8	Quinoa Bowls	placeholder	placeholder	2	f	60	1	meal_images/quinoa_bowls.jpg
9	Sushi Bowls	placeholder	placeholder	2	f	60	1	meal_images/sushi_bowls.jpg
3	Salada de Atum	placeholder	placeholder	4	f	60	1	meal_images/salada_de_atum.jpg
10	Alinazik Kebab	placeholder	placeholder	6	f	60	1	meal_images/alinazik_kebab.jpg
11	Shakshuka	placeholder	placeholder	4	f	60	1	meal_images/shakshuka.jpg
12	Falafel Wraps com Tatziki	placeholder	placeholder	4	t	60	1	meal_images/falafel_wraps_com_tatziki.jpg
13	Pita Shawarma	placeholder	placeholder	4	f	60	1	meal_images/pita_shawarma.jpg
14	Arroz de Marisco	placeholder	placeholder	8	f	60	1	meal_images/arroz_de_marisco.jpg
46	Robalo Grelhado	placeholder	placeholder	2	f	60	1	meal_images/robalo_grelhado.jpg
16	Esparguete a la Carbonara	placeholder	placeholder	4	f	60	1	meal_images/esparguete_a_la_carbonara.jpg
17	Esparguete Amatriciana	placeholder	placeholder	4	f	60	1	meal_images/esparguete_amatriciana.jpg
20	Arroz Frito	placeholder	placeholder	3	f	60	1	meal_images/arroz_frito.jpg
21	Nasi Goreng	placeholder	placeholder	3	f	60	1	meal_images/nasi_goreng.jpg
22	Rendang de Vaca	placeholder	placeholder	4	f	60	1	meal_images/rendang_de_vaca.jpg
24	Wraps de Kebabs	placeholder	placeholder	4	f	60	1	meal_images/wraps_de_kebabs.jpg
25	Caril de Frango Simples	placeholder	placeholder	6	f	60	1	meal_images/caril_de_frango_simples.jpg
26	Beef Bhuna	placeholder	placeholder	4	f	60	1	meal_images/beef_bhuna.jpg
27	Combo Japonês	placeholder	placeholder	4	f	60	1	meal_images/combo_japones.jpg
28	Tuna Melts	placeholder	placeholder	4	f	60	1	meal_images/tuna_melts.jpg
30	Butter Chicken	placeholder	placeholder	4	f	60	1	meal_images/butter_chicken.jpg
31	Chicken Biryani	placeholder	placeholder	6	t	60	1	meal_images/chicken_biryani.jpg
32	Bóbó de Camarão	placeholder	placeholder	8	f	60	1	meal_images/bobo_de_camarao.jpg
33	Fajitas	placeholder	placeholder	4	f	60	1	meal_images/fajitas.jpg
35	Tortilla de Patata	placeholder	placeholder	3	f	60	1	meal_images/tortilla_de_patata.jpg
36	Gambas al Ajillo	placeholder	placeholder	2	f	60	1	meal_images/gambas_al_ajillo.jpg
38	Esparguete al Pesto	placeholder	placeholder	2	f	60	1	meal_images/esparguete_al_pesto.jpg
39	Pizza Marguerita	placeholder	placeholder	4	f	60	1	meal_images/pizza_marguerita.jpg
40	Arroz de Polvo	placeholder	placeholder	5	f	60	1	meal_images/arroz_de_polvo.jpg
42	Three Fishy Pasta	placeholder	placeholder	3	f	60	1	meal_images/three_fishy_pasta.jpg
43	Gyros	placeholder	placeholder	3	f	60	1	meal_images/gyros.jpg
44	Pad Thai	placeholder	placeholder	2	f	60	1	meal_images/pad_thai.jpg
45	Chicken Adobo	placeholder	placeholder	4	f	60	1	meal_images/chicken_adobo.jpg
47	Pho	placeholder	placeholder	6	f	60	1	meal_images/pho.jpg
49	Massa de Atum	placeholder	placeholder	4	f	60	1	meal_images/massa_de_atum.jpg
50	Bife Grelhado	placeholder	placeholder	2	f	60	1	meal_images/bife_grelhado.jpg
51	Lulas Grelhadas	placeholder	placeholder	2	f	60	1	meal_images/lulas_grelhadas.jpg
52	Beef Carbonnade	placeholder	placeholder	4	f	60	1	meal_images/beef_carbonnade.jpg
54	Bife au Poivre	placeholder	placeholder	2	f	60	1	meal_images/bife_au_poivre.jpg
55	Pizza de Atum	placeholder	placeholder	4	f	60	1	meal_images/pizza_de_atum.jpg
56	Lasanha Bolonhesa	placeholder	placeholder	6	f	60	1	meal_images/lasanha_bolonhesa.jpg
58	Massa com molho de tomate e pimento	placeholder	placeholder	4	f	60	1	meal_images/massa_com_molho_de_tomate_e_pimento.jpg
59	Frango Agridoce (cheat version)	placeholder	placeholder	4	f	60	1	meal_images/frango_agridoce_cheat_version.jpg
60	Dan Dan Noodles	placeholder	placeholder	2	f	60	1	meal_images/dan_dan_noodles.jpg
62	Siu Mai	placeholder	placeholder	4	f	60	1	meal_images/siu_mai.jpg
63	Karagee Don (cheat version)	placeholder	placeholder	2	f	60	1	meal_images/karagee_don_cheat_version.jpg
65	Homemade Big Mac	placeholder	placeholder	2	f	60	1	meal_images/homemade_big_mac.jpg
66	Tikka Masala	placeholder	placeholder	4	f	60	1	meal_images/tikka_masala.jpg
68	Frango à Tuscana	placeholder	placeholder	2	f	60	1	meal_images/frango_a_tuscana.jpg
1	Esparguete à Bolonhesa	placeholder	placeholder	8	f	60	1	meal_images/esparguete_a_bolonhesa.jpg
2	Chili com Carne	placeholder	placeholder	8	f	60	1	meal_images/chili_com_carne.jpg
4	Veggie Ramen	placeholder	placeholder	2	f	60	1	meal_images/veggie_ramen.jpg
5	Mapo Tofu	placeholder	placeholder	6	f	60	1	meal_images/mapo_tofu.jpg
15	Esparguete Putanesca	placeholder	placeholder	4	f	60	1	meal_images/esparguete_putanesca.jpg
19	Chow mein 	placeholder	placeholder	3	f	60	1	meal_images/chow_mein.jpg
6	Bife com Chimichurri	placeholder	placeholder	2	f	60	1	meal_images/bife_com_chimichurri.jpg
67	Sandes de Salmão Fumado 	placeholder	placeholder	2	f	60	1	meal_images/sandes_de_salmao_fumado.jpg
73	Douradinhos com Arroz de Tomate	placeholder	placeholder	4	f	60	1	meal_images/douradinhos_com_arroz_de_tomate.jpg
74	McFish caseiro	placeholder	placeholder	4	f	60	1	meal_images/mcfish_caseiro.jpg
75	Bitoque	placeholder	placeholder	2	f	60	1	meal_images/bitoque.jpg
76	Arayes	placeholder	placeholder	2	f	60	1	meal_images/arayes.jpg
77	Lahmacun	placeholder	placeholder	4	f	60	1	meal_images/lahmacun.jpg
78	Mujaddara	placeholder	placeholder	8	f	60	1	meal_images/mujaddara.jpg
79	Frango Bukhari	placeholder	placeholder	8	f	60	1	meal_images/frango_bukhari.jpg
80	Fatteh Eggplant Salad	placeholder	placeholder	2	f	60	1	meal_images/fatteh_eggplant_salad.jpg
82	Sandes Caprese	placeholder	placeholder	2	f	60	1	meal_images/sandes_caprese.jpg
81	Baba Ghanoush chicken shawarma bowl	placeholder	placeholder	2	f	60	1	meal_images/baba_ghanoush_chicken_shawarma_bowl.jpg
70	Gnochi com Marinara	placeholder	placeholder	4	f	60	1	meal_images/gnochi_com_marinara.jpg
71	Bacalhau Cozido com grão e ovo	placeholder	placeholder	2	f	60	1	meal_images/bacalhau_cozido_com_grao_e_ovo.jpg
72	Bacalhau à Bráz	placeholder	placeholder	2	f	60	1	meal_images/bacalhau_a_braz.jpg
\.


--
-- Data for Name: meals_mealingredient; Type: TABLE DATA; Schema: public; Owner: postgres
--

COPY public.meals_mealingredient (id, quantidade_desc, unit_desc, u_quantity, u_desc, sub, notas, required, ingredient_id, meal_id) FROM stdin;
1	1	qb	1	qb			t	1	1
2	400	g	400	g			t	2	1
3	60	g	60	g			t	3	1
4	60	g	60	g			t	4	1
5	60	g	60	g			t	5	1
6	150	g	150	g	Bacon		t	6	1
7	1	colher de sopa	1	tbsp			t	7	1
8	1	copo	1	c			t	8	1
9	1	qb	1	qb			t	9	1
10	3	colher de sopa	3	tbsp			t	10	1
11	200	g	200	g	eu gosto de substituir por 3 ou 4 tomates frescos passados num blender		t	11	1
12	200	g	200	g			t	12	1
13	100	ml	100	ml			t	13	1
14	8	doses	8	u	Outra massa		t	14	1
15	1	colher de sopa	1	tbsp			t	10	2
16	3	dentes	3	U			t	15	2
17	1	unidades	1	U			t	16	2
18	1	unidades	1	U			t	17	2
19	500	g	500	g			t	2	2
20	3	colher de sopa	3	tbsp			t	7	2
21	800	g	800	g			t	18	2
22	2	cubos	2	U			t	19	2
23	1.5	tsp	1.5	tsp			t	20	2
24	2	tsp	2	tsp		Ajustar o picante a gosto	t	21	2
25	3	tsp	3	tsp			t	22	2
26	5	tsp	5	tsp			t	23	2
27	4	tsp	4	tsp			t	24	2
28	2	tsp	2	tsp			t	25	2
29	2	tsp	2	tsp			t	26	2
30	1.5	tsp	1.5	tsp			t	1	2
31	2	tsp	2	tsp			t	27	2
32	1	tsp	1	tsp			t	28	2
33	2	quadrados	2	U			t	29	2
34	1	qb	1	qb			t	1	3
35	470	g	470	g			t	30	3
36	170	g	2	g			t	31	3
37	1	qb	1	qb			t	32	3
38	3	unidades	3	U			t	33	3
39	0.5	unidades	0.5	U			t	16	3
40	2	unidades	2	U			t	34	4
41	2	unidades	2	U			t	33	4
42	2	colher de sopa	2	tbsp			t	35	4
43	1.5	colher de sopa	1.5	tbsp		Ajustar picante a gosto	t	36	4
44	1	pedaços	1	U			t	37	4
45	2	colher de sopa	2	tbsp			t	38	4
46	1	colher de sopa	1	tbsp			t	39	4
47	4	unidades	4	U		Sim, tem mesmo de ser secos	t	40	4
48	1.5	tsp	1.5	tsp			t	41	4
49	3	dentes	3	U			t	15	4
50	2	unidades	2	U			t	42	4
51	1	cubos	1	U			t	43	4
52	2	colher de sopa	2	tbsp			t	44	4
53	1	tsp	1	tsp			t	45	4
54	1	qb	1	qb			t	46	4
55	1	folha	1	U			t	47	4
56	4	pedaços	4	U			t	48	4
57	2.5	colher de sopa	2.5	tbsp			t	49	5
58	2	colher de sopa	2	tbsp			t	50	5
59	1	colher de sopa	1	tbsp		Tradicionalmente, usa-se feijao preto fermentando -  Dou Chi	t	35	5
60	2	colher de sopa	2	tbsp			t	52	5
61	500	g	500	g		De preferencia versão mais suave	t	51	5
62	0.5	tsp	0.5	tsp			t	1	5
63	3	colher de sopa	3	tbsp			t	53	5
64	300	g	300	g			t	54	5
65	4	unidades	4	U			t	42	5
66	5	dentes	5	U			t	15	5
67	1	tsp	1	tsp			t	22	5
68	1.5	tsp	1.5	tsp			t	41	5
69	2	tsp	2	tsp			t	20	5
70	1.5	canecas	1.5	c			t	19	5
71	3	tsp	3	tsp			t	44	5
72	0.5	tsp	0.5	tsp			t	45	5
73	1	colher de sopa	1	tbsp			t	55	5
74	1	qb	1	qb		Eu não acrescento. O doubanjiang já é picante. Sugiro rectificar o picante no fim depois de provar com pó de piri piri ou outro picante	t	56	5
75	2	unidades	2	U			t	57	6
76	5	colher de sopa	5	tbsp			t	10	6
77	1	colher de sopa	1	tbsp			t	58	6
78	1	tsp	1	tsp			t	59	6
79	1.5	colher de sopa	1.5	tbsp			t	32	6
80	2	dentes	2	U			t	15	6
81	1	unidades	1	U	Outra malagueta fresca	Ajustar a picante a gosto	t	60	6
82	1	tsp	1	tsp			t	27	6
83	1	qb	1	qb			t	9	6
84	0.5	tsp	0.5	tsp			t	22	6
85	1	lata grande	1	g			t	61	7
86	3	latas	3	g			t	31	7
87	15	unidades	15	U	Broculo ou outros legumes (de preferencia cruciveros)	Depende do tamanho das couves. Incluir visto que são saudaveis mas a gosto	t	62	7
88	3	unidades	3	U			t	33	7
89	1.5	colher de sopa	1.5	tbsp		Por a gosto no hummus	t	63	7
90	1	qb	1	qb			t	1	7
91	0.5	unidades	0.5	U		Por a gosto no hummus	t	59	7
92	1	dentes	1	U			t	15	7
93	1	qb	1	qb		Por a gosto no hummus e depois por cima no produto final	t	10	7
94	1	qb	1	qb		Sprinkle por cima do produto final	f	64	7
95	1	qb	1	qb		Sprinkle por cima do produto final	f	65	7
96	1	lata pequena	1	g			t	66	8
97	1	unidades	1	U			t	67	8
98	1	canecas	1	c			t	68	8
99	2	unidades	2	U			t	33	8
100	8	unidades	8	U			t	69	8
101	1	qb	1	qb			t	70	8
102	3	colher de sopa	3	tbsp			t	10	8
103	1	colher de sopa	1	tbsp			t	71	8
104	1	qb	1	qb			t	1	8
105	1	qb	1	qb			t	9	8
106	1	qb	1	qb			t	27	8
107	2	lombos	2	U		de preferencia sem espinhas	t	72	9
108	1	canecas	1	c			t	73	9
109	3	colher de sopa	3	tbsp			t	74	9
110	1	medalhões	1	U		de preferencia sem espinhas	t	75	9
111	1	qb	1	qb			t	76	9
112	2	unidades	2	U			t	77	9
113	1	qb	1	qb			t	78	9
114	1	qb	1	qb			t	44	9
115	1	qb	1	qb			t	47	9
116	2	colher de sopa	2	tbsp	podem usar qualquer uma das cores mas mistura das duas é mais visual		t	38	9
117	1	pedaços	1	U			t	37	9
118	1	unidades	1	U			t	67	9
119	400	g	400	g	pequenos cubos de carne de vaca		t	2	10
120	2	dentes	2	U			t	15	10
121	3	colher de sopa	3	tbsp			t	10	10
122	0.75	canecas	0.75	c			t	79	10
123	1	qb	1	qb			t	1	10
124	1	qb	1	qb			t	9	10
125	1	colher de sopa	1	tbsp			t	7	10
126	4	unidades	4	U			t	80	10
127	1	qb	1	qb			f	32	10
128	1	colher de sopa	1	tbsp			t	81	10
129	2	colher de sopa	2	tbsp			t	82	10
130	1	colher de sopa	1	tbsp			t	22	10
131	1	colher de sopa	1	tbsp			t	24	10
132	1	unidades	1	U		assado com as beringelas. Retirar pele, cortar em tiras e servir	t	17	10
133	5	unidades	5	U			t	84	11
134	2	unidades	2	U	1 se for muito grande		t	17	11
135	1	unidades	1	U			t	16	11
136	5	dentes	5	U			t	15	11
137	2	colher de sopa	2	tbsp			t	22	11
138	2	colher de sopa	2	tbsp			t	24	11
139	3	colher de sopa	3	tbsp			t	23	11
140	1.5	colher de sopa	1.5	tbsp			t	85	11
141	1	qb	1	qb			f	70	11
142	0.5	unidades	0.5	U			f	86	11
143	4	fatias	4	U	o tipo não interessa desde que não seja pão de forma e seja bom para torradas		t	87	11
144	1	colher de sopa	1	tbsp			t	7	11
145	2	colher de sopa	2	tbsp			t	10	11
146	1	qb	1	qb			t	1	11
147	1	qb	1	qb			t	9	11
148	6	unidades	6	U			t	33	11
149	1	canecas	1	c	não se pode substituir por grão cozido!!		t	88	12
150	1	unidades	1	U			t	16	12
151	3	dentes	3	U			t	15	12
152	1	qb	1	qb			t	1	12
153	1	colher de sopa	1	tbsp			t	85	12
154	1	colher de sopa	1	tbsp			t	23	12
155	0.5	molhos	0.5	u			t	32	12
156	0.5	molhos	0.5	g			t	70	12
157	4	unidades	4	U			t	89	12
158	0.5	unidades	0.5	U			t	90	12
159	0.5	unidades	0.5	U			t	91	12
160	1	tsp	1	tsp			f	64	12
161	0.5	unidades	0.5	U	Metade desta quantidade para molho, metade para salada		t	92	12
162	0.5	canecas	0.5	c			t	79	12
163	0.5	unidades	0.5	U			t	59	12
164	1.5	tsp	1.5	tsp			t	93	12
165	1	colher de sopa	1	tbsp			t	10	12
166	0.5	unidades	0.5	U			f	86	12
167	1	unidades	1	U			t	94	13
168	1	unidades	1	U	peito de frango		t	96	13
169	4	unidades	4	U			t	95	13
170	1	unidades	1	U			t	59	13
171	0.75	canecas	0.75	c			t	79	13
172	2	tsp	2	tsp			t	7	13
173	2	tsp	2	tsp			t	81	13
174	2	tsp	2	tsp			t	25	13
175	1	tsp	1	tsp			f	97	13
176	1	colher de sopa	1	tbsp			t	24	13
177	1	tsp	1	tsp			f	98	13
178	1	tsp	1	tsp			t	26	13
179	1	tsp	1	tsp			t	99	13
180	0.5	tsp	0.5	tsp			f	100	13
181	3	tsp	3	tsp			t	1	13
182	1	tsp	1	tsp			t	64	13
183	0.25	unidades	0.25	U			t	16	13
184	2	unidades	2	U	Pode substituir por cornichons mas pôr mais unidades		t	101	13
185	1	dentes	1	U			t	15	13
186	0.5	unidades	0.5	U			t	90	13
187	0.5	unidades	0.5	U			t	91	13
188	0.5	unidades	0.5	U		Metade desta quantidade para molho, metade para salada	t	92	13
189	1.5	tsp	1.5	tsp			t	93	13
190	1	colher de sopa	1	tbsp			t	10	13
191	400	g	400	g	não se pode substituir por arroz agulha ou basmati! Quanto muito arroz bomba ou risotto mas ainda não testei		t	102	14
192	10	unidades	10	U			t	103	14
193	400	g	400	g			t	104	14
194	3	unidades	3	U	lulas		t	105	14
195	8	unidades	8	U			t	106	14
196	2	unidades	2	U			t	84	14
197	2	colher de sopa	2	tbsp			t	7	14
198	1.5	tsp	1.5	tsp			f	107	14
199	0.5	tsp	0.5	tsp		não por mais! Não é suposto ser picante	t	108	14
200	0.5	molhos	0.5	u			f	32	14
201	0.5	molhos	0.5	g			f	70	14
202	1	unidades	1	U			t	16	14
203	1	unidades	1	U			f	109	14
204	1	qb	1	qb			t	1	14
205	4	dentes	4	U			t	15	14
206	1	qb	1	qb			f	9	14
207	0.5	copo	0.5	c			f	110	14
208	1.2	litro	1.2	ML	pode substituir por agua com sal ou caldo de peixe		t	111	14
209	1	folha	1	U			f	47	14
210	4	unidades	4	U			f	48	14
211	1	pedaços	1	U			f	37	14
212	8	filetes	8	U			t	113	15
213	2	colher de sopa	2	tbsp			t	112	15
214	3	dentes	3	U			t	15	15
215	1	tsp	1	tsp			t	27	15
216	0.5	colher de sopa	0.5	tbsp			t	7	15
217	4	unidades	4	U			t	84	15
218	1.5	colher de sopa	1.5	tbsp		de prefencia em rodelas sem caroço	t	114	15
219	4	doses	4	u	outra massa		t	115	15
220	1	qb	1	qb		por pouco - as anchovas são salgadas	t	1	15
221	4	doses	4	u			t	115	16
222	6	unidades	6	U			t	33	16
223	75	g	75	g			t	116	16
224	150	g	150	g	bacon ou panceta - não tradicional mas não deixa ser bom. Nem tudo tem de ser como os gurus dizem		t	117	16
225	1	qb	1	qb			t	9	16
226	1	qb	1	qb			t	1	16
227	4	doses	4	u	outra massa		t	115	17
228	50	g	50	g	parmesão		t	116	17
229	150	g	150	g	bacon ou panceta - não tradicional mas não deixa ser bom. Nem tudo tem de ser como os gurus dizem		t	117	17
230	400	g	400	g			t	84	17
231	1	qb	1	qb			t	9	17
232	1	unidades	1	U	flocos de malagueta secos ou um pepperoncino seco		t	60	17
233	0.25	copo	0.25	c			t	110	17
234	1	qb	1	qb		pôr pouco se a carne tiver pouca gordura. Se usar guanciale NÃO usar azeite - já é muito gordurento	t	10	17
235	1	canecas	1	c			t	118	18
236	1	colher de sopa	1	tbsp			t	10	18
237	1	unidades	1	U	outra cebola serve		t	5	18
238	4	dentes	4	U			t	15	18
239	1.5	colher de sopa	1.5	tbsp	talvez lima? Ainda não testei		t	119	18
240	3	colher de sopa	3	tbsp			t	7	18
241	1	colher de sopa	1	tbsp	chipotle demolhado ou paprika fumada + piri piri em pó		t	120	18
242	1.5	colher de sopa	1.5	tbsp			t	23	18
243	0.75	colher de sopa	0.75	tbsp			t	85	18
244	2	colher de sopa	2	tbsp			t	24	18
245	2	qb	2	qb			t	1	18
246	1	unidades	1	U			t	17	18
247	1	unidades	1	U			t	121	18
248	1	qb	1	qb			t	9	18
249	8	unidades	8	U			t	89	18
250	8	qb	8	qb	qualquer queijo serve desde que derreta bem. Já testei com mozarela, queijo da ilha e cheddar		t	122	18
251	3	unidades	3	U			t	67	18
252	2	unidades	2	U			t	123	18
253	1	unidades	1	U			t	124	18
254	1	dentes	1	U			t	15	18
255	0.25	unidades	0.25	U	outra cebola serve		t	125	18
256	0.33	molhos	0.33	g			t	70	18
257	4	canecas	4	c		em juliana, diminui muito enquanto cozinha	t	126	19
258	1	unidades	1	U			t	4	19
259	2	unidades	2	U			t	15	19
260	200	g	200	g	ramen instantaneo		t	127	19
261	1	canecas	1	c			f	128	19
262	3	unidades	3	U			t	42	19
263	1.5	colher de sopa	1.5	tbsp			f	129	19
264	2	tsp	2	tsp			t	55	19
265	1.5	colher de sopa	1.5	tbsp			t	44	19
266	1.5	colher de sopa	1.5	tbsp			t	130	19
267	1	tsp	1	tsp			f	45	19
268	1.5	colher de sopa	1.5	tbsp	mirin. Em ultimo caso sake		t	52	19
269	2	tsp	2	tsp	se usar mirin, diminuir só para um. O mirin e mais doce		t	20	19
270	0.5	tsp	0.5	tsp			t	132	19
271	1	qb	1	qb			t	46	19
272	4	unidades	4	U			t	33	19
273	4	unidades	4	U	coxa de frango fatiada ou qualquer outra carne/marisco		t	103	19
274	1	canecas	1	c	basmati e jasmin tambem funcionam, só não usar grão curto como risotto, sushi ou carolino		t	133	20
275	6	unidades	6	U			t	33	20
276	2	unidades	2	U			t	109	20
277	8	dentes	8	U			t	15	20
278	3	unidades	3	U			t	42	20
279	1	colher de sopa	1	tbsp			t	107	20
280	1	cubos	1	U			f	43	20
281	2	polegar	2	U			t	41	20
282	1	unidades	1	U			t	134	20
283	2	colher de sopa	2	tbsp	oleo vegetal é OK		t	135	20
284	1	colher de sopa	1	tbsp			f	132	20
285	1	canecas	1	c	jasmin ou agulha	pessoalmente gosto de misturar agulha e basmati	t	138	21
286	1	colher de sopa	1	tbsp			t	135	21
287	2	tsp	2	tsp	molho de peixe ou omitir	cheira muito mal mas é normal	t	136	21
288	1	unidades	1	U			t	134	21
289	2	colher de sopa	2	tbsp	molho de soja com açucar mascavado		t	137	21
290	1	tsp	1	tsp			t	45	21
291	1	tsp	1	tsp			t	97	21
292	4	dentes	4	U			t	15	21
293	1	unidades	1	U			t	16	21
294	1	cubos	1	U			f	43	21
295	0.5	unidades	0.5	U			t	92	21
296	1	unidades	1	U			f	91	21
297	6	unidades	6	U			f	33	21
298	1	unidades	1	U			f	124	21
299	1	qb	1	qb			t	139	21
300	6	unidades	6	U	coxa de frango fatiada ou peito de frango		t	103	21
301	750	g	750	g			t	140	22
302	5	colher de sopa	5	tbsp			t	53	22
303	1	unidades	1	U			t	141	22
304	3	unidades	3	U			t	142	22
305	3	unidades	3	U			t	143	22
306	3	unidades	3	U			t	144	22
307	4	unidades	4	U	não é tradicional, mas já substitui por uma raspa de limão e fica bom (mas não igual)		t	145	22
308	1	canecas	1	c			t	146	22
309	2	tsp	2	tsp	pode substituir por METADE de concentrado de tamarindo ou tamarindo fresco	não confundir com o concentrado - é muito mais potente o concentrado	t	147	22
310	6	unidades	6	U	substituir por mais raspa de limão ou a versão seca		t	148	22
311	6	colher de sopa	6	tbsp			t	149	22
312	1	qb	1	qb			t	1	22
313	5	unidades	5	U			t	109	22
314	5	dentes	5	U			t	15	22
315	1	polegar	1	U			t	41	22
316	2	unidades	2	U		ajustar o picante. Incluir sementes para mais picante	t	134	22
317	12	unidades	12	U	cogumelos brancos		t	150	23
318	2	unidades	2	U			t	33	23
319	0.5	unidades	0.5	U			t	16	23
320	0.5	canecas	0.5	c			t	151	23
321	0.25	canecas	0.25	c			t	152	23
322	0.5	tsp	0.5	tsp			t	1	23
323	0.25	tsp	0.25	tsp	tomilho fresco		f	153	23
324	0.25	tsp	0.25	tsp			f	9	23
325	1	colher de sopa	1	tbsp			t	53	23
326	4	unidades	4	U	qualquer pão fofinho - crocante não funciona bem		t	154	23
327	0.25	unidades	0.25	U			t	90	23
328	1	unidades	1	U			f	91	23
329	2	colher de sopa	2	tbsp			f	155	23
330	0.5	canecas	0.5	c	panko ou mais farinha		t	156	23
331	500	g	500	g			t	2	24
332	1	tsp	1	tsp			t	25	24
333	1	tsp	1	tsp			t	26	24
334	2	tsp	2	tsp			t	24	24
335	1	tsp	1	tsp			t	23	24
336	1	tsp	1	tsp			t	1	24
337	1	unidades	1	U	ou meio pimento vermelho (para não picante) ou 1 malagueta vermelha		t	157	24
338	1	unidades	1	U			t	158	24
339	0.75	unidades	0.75	U	outra cebola serve		t	159	24
340	0.33	molhos	0.33	u			t	32	24
341	0.33	molhos	0.33	g			t	70	24
342	0.5	unidades	0.5	U			t	86	24
343	4	unidades	4	U	pode ser em pitas		t	89	24
344	0.5	unidades	0.5	U			t	90	24
345	0.5	unidades	0.5	U			t	91	24
346	1	tsp	1	tsp			t	64	24
347	0.5	unidades	0.5	U			t	92	24
348	0.5	canecas	0.5	c			t	79	24
349	0.5	unidades	0.5	U			t	59	24
350	1.5	tsp	1.5	tsp			t	93	24
351	1	colher de sopa	1	tbsp			t	10	24
352	900	g	900	g			t	94	25
353	2	unidades	2	U			t	5	25
354	4	dentes	4	U			t	15	25
355	1	polegar	1	U			t	41	25
356	3	colher de sopa	3	tbsp			t	53	25
357	3	colher de sopa	3	tbsp			t	160	25
358	1.5	tsp	1.5	tsp			t	1	25
359	0.5	tsp	0.5	tsp			t	9	25
360	5	unidades	5	U		quatro se forem muito grandes	t	84	25
361	400	g	400	g			t	146	25
362	1	tsp	1	tsp			t	161	25
363	0.33	molhos	0.33	g			t	70	25
364	750	g	750	g			t	140	26
365	3	colher de sopa	3	tbsp	ghee é melhor ainda		t	53	26
366	2	unidades	2	U			t	16	26
367	4	dentes	4	U			t	15	26
368	1	polegar	1	U			t	41	26
369	2	unidades	2	U		3 se forem pequenos	t	84	26
370	3	colher de sopa	3	tbsp			t	79	26
371	1	qb	1	qb			t	1	26
372	1	unidades	1	U	cardamomo verde		t	162	26
373	3	unidades	3	U			t	142	26
374	1	unidades	1	U			t	141	26
375	1	unidades	1	U			t	163	26
376	1	tsp	1	tsp			t	23	26
377	1.5	tsp	1.5	tsp			t	85	26
378	1	tsp	1	tsp			t	97	26
379	1.5	tsp	1.5	tsp	gochujaru ou paprika com um pouco de cayena - não é muito picante.	Ajustar picante a gosto	t	164	26
380	0.5	tsp	0.5	tsp			t	161	26
381	1	canecas	1	c			t	165	27
382	1	pedaços	1	U			t	37	27
383	200	g	200	g			t	51	27
384	1	colher de sopa	1	tbsp			t	48	27
385	1	unidades	1	U			t	42	27
386	4	lombos	4	U			t	72	27
387	2	colher de sopa	2	tbsp			t	166	27
388	1	canecas	1	c			t	73	27
389	0.5	unidades	0.5	U			t	126	27
390	1	unidades	1	U			t	4	27
391	1	tsp	1	tsp			t	38	27
392	0.33	canecas	0.33	c			t	155	28
393	2	latas	2	g			t	31	28
394	1	talo	1	U			t	3	28
395	2	unidades	2	U	cornichons		t	101	28
396	0.25	unidades	0.25	U			t	125	28
397	2	colher de sopa	2	tbsp			t	32	28
398	1	qb	1	qb			t	1	28
399	1	qb	1	qb			t	9	28
400	0.5	tsp	0.5	tsp		ajustar o picante	t	108	28
401	4	colher de sopa	4	tbsp	substitutos de manteiga OK		t	82	28
402	1	unidades	1	U			t	158	28
403	8	fatias	8	U			f	151	28
404	0.5	unidades	0.5	U			t	59	28
405	8	fatias	8	U			t	87	28
406	2	tsp	2	tsp			f	27	28
407	2	tsp	2	tsp			f	167	28
408	1	colher de sopa	1	tbsp		ajustar o picante	t	168	29
409	2	unidades	2	U			t	109	29
410	1	colher de sopa	1	tbsp			t	160	29
411	5	dentes	5	U			t	15	29
412	400	g	400	g			t	146	29
413	1	litro	1	ML			t	43	29
414	4	unidades	4	U			t	103	29
415	1	unidades	1	U		não é tradicional, para uma versao mais tradicional procurar bolos de peixe malaios	f	75	29
416	150	g	150	g			f	104	29
417	1	colher de sopa	1	tbsp		cheira mal mas sem medo	t	169	29
418	2	unidades	2	U			t	34	29
419	1	colher de sopa	1	tbsp			t	53	29
420	1	qb	1	qb			t	70	29
421	1	unidades	1	U			t	124	29
422	1	unidades	1	U			t	125	30
423	5	unidades	5	U		eu uso de cacho	t	158	30
424	2	colher de sopa	2	tbsp	ou ghee é melhor ainda		t	53	30
425	5	dentes	5	U			t	15	30
426	2	tsp	2	tsp			t	161	30
427	2	tsp	2	tsp	guchujaru ou paprika+cayena		t	164	30
428	2	tsp	2	tsp			t	97	30
429	1.5	tsp	1.5	tsp			t	23	30
430	1.5	tsp	1.5	tsp			t	85	30
431	0.5	tsp	0.5	tsp			t	160	30
432	1.5	tsp	1.5	tsp			t	1	30
433	0.5	tsp	0.5	tsp			t	20	30
434	2	colher de sopa	2	tbsp			t	79	30
435	2	unidades	2	U	fica melhor com um de peito, um de coxa		t	94	30
436	0.33	molhos	0.33	g			t	70	30
437	6	unidades	6	U			t	170	31
438	2	dentes	2	U			t	15	31
439	0.75	canecas	0.75	c			t	79	31
440	0.25	tsp	0.25	tsp			t	97	31
441	2	tsp	2	tsp	paprika		t	164	31
442	0.75	tsp	0.75	tsp			t	99	31
443	2	colher de sopa	2	tbsp			t	1	31
444	0.5	unidades	0.5	U			t	171	31
445	2	tsp	2	tsp			t	59	31
446	1	colher de sopa	1	tbsp			t	139	31
447	1.5	canecas	1.5	c			t	138	31
448	3	unidades	3	U			t	162	31
449	3	unidades	3	U			t	143	31
450	1	unidades	1	U			t	163	31
451	4	unidades	4	U			t	141	31
452	15	unidades	15	U			t	144	31
453	2.5	colher de sopa	2.5	tbsp		de preferencia pretos	t	172	31
454	3	tsp	3	tsp			t	142	31
455	2	colher de sopa	2	tbsp			t	53	31
456	50	g	50	g			t	13	31
457	1	qb	1	qb	substituir por curcuma que é muito mais barato		t	173	31
458	0.25	canecas	0.25	c			t	70	31
459	0.33	canecas	0.33	c			t	174	31
460	0.33	unidades	0.33	U			t	59	31
461	3	colher de sopa	3	tbsp	ghee é melhor ainda		t	82	31
462	0.25	canecas	0.25	c			t	175	31
463	2	tsp	2	tsp			t	176	31
464	1	tsp	1	tsp			t	9	31
465	1	qb	1	qb			t	179	31
466	1	kg	1	g			t	103	32
467	1	unidades	1	U			t	124	32
468	1	qb	1	qb			t	9	32
469	1	qb	1	qb			t	1	32
470	1	kg	1	g			t	177	32
471	1	unidades	1	U			t	163	32
472	3	unidades	3	U			t	16	32
473	400	g	400	g			t	146	32
474	400	g	400	g			t	18	32
475	1	unidades	1	U			t	17	32
476	1	molhos	1	u			t	32	32
477	2	colher de sopa	2	tbsp			t	10	33
478	2	unidades	2	U	mais coxas de frango		t	94	33
479	2	unidades	2	U	mais peitos de frango		t	96	33
480	1	unidades	1	U			t	125	33
481	1	qb	1	qb			t	1	33
482	1	unidades	1	U			t	5	33
483	1.5	tsp	1.5	tsp			t	23	33
484	1.5	tsp	1.5	tsp			t	85	33
485	1	tsp	1	tsp			t	24	33
486	1.5	tsp	1.5	tsp	por mais paprika fumada + flocos de malagueta		f	120	33
487	4	dentes	4	U			t	15	33
488	0.5	molhos	0.5	g			t	70	33
489	4	unidades	4	U			t	89	33
490	400	g	400	g			t	18	33
491	4	colher de sopa	4	tbsp	vache que ri		t	79	33
492	1	tsp	1	tsp			t	1	34
493	1	tsp	1	tsp			t	27	34
494	1	tsp	1	tsp			t	26	34
495	2	tsp	2	tsp			t	23	34
496	2	tsp	2	tsp			t	24	34
497	2	tsp	2	tsp	1 tsp de cayena ou outro picante em pó		t	120	34
498	0.5	colher de sopa	0.5	tbsp			t	10	34
499	0.25	tsp	0.25	tsp			t	9	34
500	2	tsp	2	tsp			t	15	34
501	1	unidades	1	U			t	125	34
502	500	g	500	g			t	2	34
503	2	colher de sopa	2	tbsp			t	7	34
504	0.5	unidades	0.5	U	couve rouxa		t	180	34
505	0.5	canecas	0.5	c			t	181	34
506	1	lata pequena	1	g			t	66	34
507	3	unidades	3	U			t	158	34
508	1	qb	1	qb			f	70	34
509	1	canecas	1	c			t	133	34
510	150	g	150	g			f	122	34
511	1	unidades	1	U			t	17	34
512	3	unidades	3	U			t	182	35
513	1	unidades	1	U			t	5	35
514	5	unidades	5	U			t	33	35
515	3	canecas	3	c		depende do tamanho da frigideira	t	10	35
516	16	unidades	16	U			t	103	36
517	8	dentes	8	U			t	15	36
518	4	unidades	4	U			t	183	36
519	0.33	copo	0.33	c			t	110	36
520	1	qb	1	qb			t	1	36
521	0.5	unidades	0.5	U	ou outro pão artesanal		t	184	36
522	0.33	copo	0.33	c			t	10	36
523	1	kg	1	g			t	104	37
524	6	dentes	6	U			t	15	37
525	1	molhos	1	g			t	70	37
526	0.5	copo	0.5	c			t	110	37
527	1.5	colher de sopa	1.5	tbsp			t	10	37
528	1	qb	1	qb		eu ponho metade de um limão mal espremido e provo. Depois corrijo se quiser mais	t	59	37
529	6	fatias	6	U	de preferencia rustico e fatiado mas algo como baguette pode funcionar		t	87	37
530	1	qb	1	qb			t	1	37
531	1	qb	1	qb			t	9	37
532	60	g	60	g			t	185	38
533	26	g	26	g	eu uso caju porque sou alergico a pinhão		t	186	38
534	0.5	tsp	0.5	tsp			t	1	38
535	0.25	tsp	0.25	tsp			t	9	38
536	2	dentes	2	U			t	15	38
537	0.25	canecas	0.25	c			t	10	38
538	20	g	20	g			t	187	38
539	2	doses	2	g	ou outra massa. Massa curta funciona melhor mas até esparguete serve		t	188	38
540	650	g	650	g			t	152	39
541	1	colher de sopa	1	tbsp			t	1	39
542	1.3	colher de sopa	1.3	tbsp			t	20	39
543	1	colher de sopa	1	tbsp			t	189	39
544	4	colher de sopa	4	tbsp			t	10	39
545	800	g	800	g			t	18	39
546	2	tsp	2	tsp			t	27	39
547	5	unidades	5	U			t	190	39
548	32	g	32	g			t	187	39
549	40	g	40	g			t	185	39
550	250	g	250	g			t	138	40
551	1	kg	1	g			t	191	40
552	1	qb	1	qb			t	1	40
553	5	dentes	5	U			t	15	40
554	1	unidades	1	U			t	16	40
555	2	unidades	2	U			t	163	40
556	1	unidades	1	U			t	84	40
557	0.5	colher de sopa	0.5	tbsp			t	7	40
558	1	qb	1	qb			t	9	40
559	1	qb	1	qb			t	10	40
560	1	kg	1	g			t	87	41
561	800	g	800	g			t	103	41
562	1	qb	1	qb			t	70	41
563	0.2	tsp	0.2	tsp		não é para ser picante!!	t	108	41
564	4	dentes	4	U			t	15	41
565	2	unidades	2	U			t	33	41
566	1	qb	1	qb			t	10	41
567	1	unidades	1	U			t	84	41
568	0.5	colher de sopa	0.5	tbsp			t	7	41
569	1	qb	1	qb			t	9	41
570	1	qb	1	qb			t	1	41
571	250	g	250	g			t	192	42
572	2	tsp	2	tsp			t	165	42
573	1	latas	1	g			t	31	42
574	8	filetes	8	U			t	113	42
575	2	unidades	2	U			t	84	42
576	1	colher de sopa	1	tbsp			t	7	42
577	1	qb	1	qb			t	10	42
578	2	dentes	2	U			t	15	42
579	1	unidades	1	U			t	125	42
580	1	talo	1	U			t	3	42
581	0.5	tsp	0.5	tsp			t	27	42
582	2	colher de sopa	2	tbsp			t	13	42
583	1	colher de sopa	1	tbsp	sementes de coentros em pó,		t	175	43
584	1	dentes	1	U			t	15	43
585	1	qb	1	qb			t	1	43
586	1.5	unidades	1.5	U			t	59	43
587	1	colher de sopa	1	tbsp			t	24	43
588	1	colher de sopa	1	tbsp			t	153	43
589	1	qb	1	qb			t	9	43
590	100	ml	100	ML			t	10	43
591	600	g	600	g			t	96	43
592	0.5	unidades	0.5	U			t	90	43
593	0.5	unidades	0.5	U			t	91	43
594	1	tsp	1	tsp			t	64	43
595	0.5	unidades	0.5	U			t	92	43
596	0.5	canecas	0.5	c			t	79	43
597	1.5	tsp	1.5	tsp			t	93	43
598	3	unidades	3	U			t	89	43
599	2	unidades	2	U			t	182	43
600	200	g	200	g			t	193	44
601	2	unidades	2	U			t	42	44
602	1	unidades	1	U			t	109	44
603	2	colher de sopa	2	tbsp	açucar de cana		t	194	44
604	2.5	colher de sopa	2.5	tbsp			t	169	44
605	2	colher de sopa	2	tbsp	concentrado de tamarindo mas metade ou tamarindo fresco		t	147	44
606	0.5	colher de sopa	0.5	tbsp			t	45	44
607	2	unidades	2	U			t	96	44
608	6	unidades	6	U			t	103	44
609	1	canecas	1	c			t	128	44
610	2	colher de sopa	2	tbsp			t	195	44
611	4	unidades	4	U	pode substituir 2 por tofu		t	33	44
612	420	g	420	g			t	178	2
613	2	postas	2	U			t	196	46
614	500	g	500	g			t	197	47
615	3000	g	3000	g			t	198	47
616	450	g	450	g			t	199	47
617	2	unidades	2	u			t	5	47
618	1	unidades	1	u		grande	t	41	47
619	1	unidades	1	u			t	141	47
620	4	unidades	4	u			t	143	47
621	5	unidades	5	u			t	142	47
622	20	g	20	g			t	175	47
623	2	colheres de sopa	2	tbsp			t	169	47
624	30	g	30	g			t	20	47
625	1	qb	1	qb			t	70	47
626	1	unidades	1	u			t	134	47
627	1	tsp	1	tsp			t	176	47
628	2	unidades	2	u			t	144	47
629	2	unidades	1	u			t	162	47
630	2	tbsp	2	tbsp			t	53	47
631	0.5	cups	0.5	c			f	128	47
632	1	unidades	1	u			f	124	47
633	1	unidades	1	u			f	159	47
634	2	unidades	2	u			f	94	48
635	1	unidades	1	u			f	121	48
636	1	unidades	1	u			f	17	48
637	200	ml	200	ml			f	18	48
638	1	unidades	1	u	outra cebola serve		f	125	48
639	4	unidades	4	u			f	15	48
640	1	tbsp	1	tbsp			f	25	48
641	1	tbsp	1	tbsp			f	26	48
642	1	tsp	1	tsp			f	27	48
643	1	tbsp	1	tbsp			f	24	48
644	1	tbsp	1	tbsp			f	22	48
645	1	tbsp	1	tbsp			f	23	48
646	6	unidades	6	u			f	89	48
647	1	qb	1	qb			f	122	48
648	1	tbsp	1	tbsp			f	119	48
649	2	tbsp	1	tbsp			f	120	48
650	1	unidades	1	u			f	124	48
651	4	doses	4	u			f	115	49
652	3	unidades	3	u			f	84	49
653	1	unidades	1	u			f	3	49
654	1	unidades	1	u			f	4	49
655	1	unidades	1	u			f	5	49
656	1	tbsp	1	tbsp			f	7	49
657	1	lata	1	u			f	31	49
658	2	unidades	2	u			f	57	50
659	600	g	600	g			f	200	51
660	500	g	500	g			f	140	52
661	330	ml	330	ml			f	201	52
662	2	unidades	2	u			f	5	52
663	1	unidades	1	u			f	142	52
664	1	fatias	1	u			f	87	52
665	1	tbsp	1	tbsp			f	202	52
666	1	tbsp	1	tbsp			f	58	52
667	2	unidades	2	u			f	163	52
668	1	tsp	1	tsp			f	153	52
669	2	unidades	2	u			f	15	52
670	2	tbsp	2	tbsp			f	82	52
671	2	tbsp	2	tbsp			f	19	52
672	1	quadrado	1	u			f	29	52
673	650	g	650	g			t	152	55
674	1	colher de sopa	1	tbsp			t	1	55
675	1.3	colher de sopa	1.3	tbsp			t	20	55
676	1	colher de sopa	1	tbsp			t	189	55
677	4	colher de sopa	4	tbsp			t	10	55
678	800	g	800	g			t	18	55
679	2	tsp	2	tsp			t	27	55
680	5	unidades	5	U			t	190	55
681	32	g	32	g			t	187	55
682	2	latas	2	u			f	31	55
683	1	unidades	1	u			f	125	55
684	1	tbsp	1	tbsp			f	9	54
685	0.5	tbsp	0.5	tbsp			f	46	54
686	2	unidades	2	u			f	57	54
687	0.25	tbsp	0.25	tbsp			f	203	54
688	0.5	tbsp	0.5	tbsp			f	204	54
689	1	tsp	1	tsp			f	1	54
690	2	tbsp	2	tbsp			f	82	54
691	1	unidades	1	u			f	109	54
692	1	tsp	1	tsp			f	202	54
693	0.5	cups	0.5	c	cream		f	13	54
694	0.25	cups	0.25	c			f	205	54
695	2	tbsp	2	tbsp			f	53	54
696	20	unidades	8	u	pode substituir 6 por lagostins		f	103	53
697	200	g	200	g			f	200	53
698	100	g	100	g			f	104	53
699	3	unidades	2	u			f	15	53
700	1	unidades	1	u			f	5	53
701	20	g	20	g			f	32	53
702	1	unidades	1	u			f	84	53
703	1	unidades	1	u	pode substituir por outro pimento seco		f	206	53
704	1	qb	1	qb			f	1	53
705	2	tbsp	2	tbsp			f	10	53
706	320	g	320	g			f	102	53
707	3	cups	3	c			f	111	53
708	1	qb	1	qb			t	1	56
709	400	g	400	g			t	2	56
710	60	g	60	g			t	3	56
711	60	g	60	g			t	4	56
712	60	g	60	g			t	5	56
713	150	g	150	g	Bacon		t	6	56
714	1	colher de sopa	1	tbsp			t	7	56
715	1	copo	1	c			t	8	56
716	1	qb	1	qb			t	9	56
717	3	colher de sopa	3	tbsp			t	10	56
718	200	g	200	g	eu gosto de substituir por 3 ou 4 tomates frescos passados num blender		t	11	56
719	200	g	200	g			t	12	56
720	100	ml	100	ml			t	13	56
721	500	g	500	g			f	207	56
722	400	ml	400	ml			f	208	56
723	2	cups	2	c			f	122	56
724	1	kg	1000	g			f	104	57
725	1	unidades	1	u			f	15	57
726	1	tbsp	1	tbsp			f	10	57
727	1	qb	1	qb			f	1	57
728	1	qb	1	qb			f	9	57
729	1	molhos	1	u			f	32	57
730	1	bunch	1	u			f	185	58
731	250	g	250	g			f	84	58
732	400	g	400	g			f	17	58
733	1	qb	1	qb			f	9	58
734	1	qb	1	qb			f	1	58
735	1	qb	1	qb			f	10	58
736	1	unidades	1	u			f	15	58
737	320	g	320	g			f	192	58
738	2	unidades	2	u			f	94	59
739	3	tbsp	3	tbsp			f	53	59
740	1	unidades	1	u			f	33	59
741	0.5	cups	0.5	c			f	55	59
742	0.5	tsp	0.5	tsp			f	1	59
743	1	unidades	1	u			f	209	59
744	2	dentes	2	u			f	15	59
745	0.5	unidades	0.5	u			f	159	59
746	1	unidades	1	u			f	17	59
747	3	unidades	3	u	pode substituir por outra massa de trigo		f	34	60
748	1	tbsp	1	tbsp			f	53	60
749	250	g	250	g			f	54	60
750	2	tbsp	2	tbsp			f	52	60
751	2.5	tbsp	2.5	tbsp			f	44	60
752	0.5	tsp	0.5	tsp			f	45	60
753	1	tbsp	1	tbsp			f	195	60
754	1	unidades	1	u			f	210	60
755	3	tsp	3	tsp			f	211	60
756	1	tbsp	1	tbsp			f	212	60
757	2	dentes	2	u			f	15	60
758	1	tsp	1	tsp			f	50	60
759	1	tsp	1	tsp			f	52	61
760	1	unidades	1	u			f	33	61
761	1.5	tbsp	1.5	tbsp			f	55	61
762	3	tbsp	1	tbsp			f	53	61
763	1	tbsp	1	tbsp			f	44	61
764	1	tsp	1	tsp			f	45	61
765	1	tbsp	1	tbsp			f	130	61
766	1	tsp	1	tsp			f	132	61
767	0.5	tsp	0.5	tsp			f	20	61
768	2	unidades	2	u			f	94	61
769	1	unidades	1	u			f	4	61
770	1	unidades	1	u			f	5	61
771	2	unidades	2	u			f	15	61
772	5	unidades	5	u			f	214	61
773	0.5	cups	0.5	c			f	43	61
774	1	unidades	1	u			f	17	61
775	250	g	250	g			f	54	62
776	250	g	150	g		e so 150 em carne camarao	f	103	62
777	0.5	tbsp	0.5	tbsp			f	52	62
778	1	qb	1	qb			f	46	62
779	1	tsp	1	tsp			f	20	62
780	1	tbsp	1	tbsp			f	55	62
781	4	unidades	4	u			f	40	62
782	1	tsp	1	tsp			f	215	62
783	1	tbsp	1	tbsp			f	132	62
784	20	unidades	20	u			f	216	62
785	1	tbsp	1	tbsp			f	44	62
786	1	tbsp	1	tbsp			f	212	62
787	1	tbsp	1	tbsp			f	213	62
788	10	unidades	10	u			f	217	63
789	1	cups	1	c			f	73	63
790	1	folha	1	u			f	47	63
791	0.5	tsp	0.5	tsp			f	220	63
792	3	tbsp	3	tbsp			f	219	63
793	1	tsp	1	tsp			f	44	63
794	1	qb	1	qb			f	132	63
795	2	tsp	2	tsp			f	76	63
796	1	unidades	1	u			f	42	63
797	1	tbsp	1	tbsp			f	38	63
798	1	unidades	1	U			f	84	64
799	1	unidades	1	u			f	42	64
800	0.25	tsp	0.25	tsp			f	25	64
801	0.25	tsp	0.25	tsp			f	9	64
802	4	fatias	4	u			f	221	64
803	2	tsp	2	tsp			f	82	64
804	4	folhas	60	g			f	90	64
805	120	g	120	g			f	222	64
806	0.5	unidades	0.5	u			f	67	64
807	4	fatias	4	u			f	224	64
808	1	tbsp	1	tbsp		o molho nao leva mas fica melhor	f	223	65
809	0.25	cups	0.25	c			f	155	65
810	0.5	unidades	0.5	u			f	5	65
811	1	tsp	1	tsp			f	225	65
812	0.5	tsp	0.5	tsp			f	226	65
813	0.5	tsp	0.5	tsp			f	20	65
814	0.5	tsp	0.5	tsp			f	22	65
815	0.125	tsp	0.125	tsp			f	1	65
816	0.125	tsp	0.125	tsp			f	25	65
817	0.125	tsp	0.125	tsp			f	26	65
818	2	unidades	2	u			f	154	65
819	2	unidades	2	u	ou carne picada		f	227	65
820	2	unidades	2	u			f	101	65
821	0.5	unidades	0.5	u			f	84	65
822	2	folhas	30	g			f	90	65
823	1	cups	1	c			f	79	66
824	3	tsp	3	tsp			f	1	66
825	2	tsp	2	tsp			f	22	66
826	2.25	tbsp	2.25	tbsp			f	161	66
827	8	dentes	8	u			f	15	66
828	2	tbsp	2	tbsp			f	41	66
829	900	g	900	g	ou coxas		f	94	66
830	3	tbsp	3	tbsp			f	53	66
831	2	tsp	2	tsp			f	20	66
832	425	g	425	g			f	18	66
833	240	ml	240	ml			f	228	66
834	1	qb	1	qb			f	70	66
835	4	unidades	4	u			f	229	67
836	8	fatias	8	u			f	230	67
837	6	unidades	6	u			f	69	67
838	120	g	120	g			f	231	67
839	2	unidades	2	u			f	94	68
840	100	g	100	g		tem de ser em oleo	f	232	68
841	5	dentes	5	u			f	15	68
842	1	tbsp	1	tbsp			f	202	68
843	250	ml	250	ml			f	228	68
844	1	tbsp	1	tbsp			f	10	68
845	2	cups	2	c			f	233	68
846	0.5	cups	0.5	c			f	187	68
847	30	g	30	g			f	10	70
848	1	dentes	1	u			f	15	70
849	1	qb	1	qb			f	1	70
850	1	bunch	1	u			f	185	70
851	500	g	500	g			f	234	70
852	800	g	800	g			f	18	70
853	2	unidades	2	u			f	235	71
854	240	g	240	g			f	61	71
855	300	g	300	g		crua, deve perder peso depois de cozida	f	236	71
856	2	unidades	2	u			f	33	71
857	2	unidades	2	u			f	4	71
858	1	qb	1	qb			f	10	71
859	1	unidades	1	u			f	235	72
860	5	unidades	5	u			f	33	72
861	2	unidades	2	u		1 se for muito grande	f	5	72
862	4	unidades	4	u			f	15	72
863	1	tbsp	1	tbsp			f	114	72
864	1	qb	1	qb			f	32	72
865	200	g	200	g			f	237	72
866	24	unidades	24	u			f	238	73
867	3	unidades	3	u			f	84	73
868	1	tbsp	1	tbsp			f	7	73
869	1.5	tbsp	1.5	tbsp			f	22	73
870	1	unidades	1	u			f	5	73
871	4	unidades	4	u			f	15	73
872	0.25	cups	0.25	c	mais agulha		f	138	73
873	0.5	cups	0.5	c			f	133	73
874	0.25	cups	0.25	c	mais agulha		f	239	73
875	1.5	tbsp	1.5	tbsp			f	10	73
876	500	g	500	g		devem ser 4 mimos	f	75	74
877	2	cups	2	c			f	240	74
878	1	qb	1	qb		de preferencia spray	f	53	74
879	4	fatias	4	u			f	241	74
880	4	unidades	4	u			f	242	74
881	1	unidades	1	u			f	33	74
882	1	tbsp	1	tbsp			f	202	74
883	1	tbsp	1	tbsp			f	152	74
884	0.75	tsp	0.75	tsp			f	1	74
885	1	qb	1	qb			f	9	74
886	220	g	220	g			f	155	74
887	1	pickle grande	1	u			f	101	74
888	1	tsp	1	tsp			f	32	74
889	1	tsp	1	tsp			f	112	74
890	1.5	tbsp	1.5	tbsp			f	59	74
891	1	tsp	1	tsp			f	226	74
892	2	unidades	2	u			f	57	75
893	2	tbsp	2	tbsp			f	82	75
894	1	qb	1	qb			f	10	75
895	3	unidades	3	u			f	15	75
896	1	qb	1	qb			f	110	75
897	3	unidades	3	u			f	163	75
898	1	tbsp	1	tbsp			f	225	75
899	2	unidades	2	u			f	33	75
900	2	unidades	2	u			f	182	75
901	1	cups	1	c			f	19	75
902	1	qb	1	qb			f	1	75
903	500	g	500	g			f	2	76
904	1	unidades	1	u			f	5	76
905	1	unidades	0.5	u			f	17	76
906	1	unidades	1	u			f	32	76
907	6	unidades	6	u			f	89	76
908	1	unidades	1	u			f	123	76
909	1	tsp	1	tsp			f	243	76
910	1	tsp	1	tsp			f	172	76
911	1	tsp	1	tsp			f	175	76
912	1	tsp	1	tsp			f	22	76
913	1	tsp	1	tsp			f	24	76
914	1	tsp	1	tsp			f	120	76
915	1	tsp	1	tsp			f	65	76
916	2	unidades	2	u			f	15	76
917	1	tsp	1	tsp			f	1	76
918	0.5	unidades	0.5	u			f	86	76
919	4	unidades	4	u			f	94	69
920	200	ml	200	ml			f	228	69
921	1	unidades	1	u			f	244	69
922	1	unidades	1	u			f	245	69
923	250	g	250	g			f	152	77
924	1	g	1	g			f	189	77
925	1	qb	1	qb			f	1	77
926	250	g	250	g			f	2	77
927	1	unidades	1	u			f	5	77
928	1	unidades	1	u			f	246	77
929	1	unidades	1	u			f	32	77
930	2	g	2	g			f	153	77
931	1	unidades	1	u		grande	f	158	77
932	0.5	cups	0.5	c			f	133	78
933	0.5	cups	0.5	c			f	138	78
934	0.75	cups	0.75	c			f	118	78
935	0.5	cups	0.5	c			f	10	78
936	1	unidades	1	u			f	141	78
937	1	tsp	1	tsp			f	175	78
938	0.5	tsp	0.5	tsp			f	97	78
939	0.25	tsp	0.25	tsp			f	9	78
940	1.5	unidades	1.5	u			f	5	78
941	1	tbsp	1	tbsp			f	226	78
942	1	tbsp	1	tbsp			f	59	78
943	1	bunch	1	u			f	70	78
944	2	tbsp	2	tbsp			f	247	78
945	2	tbsp	2	tbsp			f	248	78
946	1	qb	1	qb			f	53	79
947	0.5	cups	0.5	c			f	248	79
948	2	unidades	2	u			f	4	79
949	1	unidades	1	u			f	141	79
950	3	unidades	3	u			f	163	79
951	2	unidades	2	u			f	249	79
952	4	unidades	4	u			f	170	79
953	4	unidades	4	u			f	250	79
954	1	tsp	1	tsp			f	172	79
955	1	tsp	1	tsp			f	175	79
956	2	unidades	2	u			f	158	79
957	1	tsp	1	tsp			f	97	79
958	3	tsp	3	tsp			f	1	79
959	1	unidades	1	u			f	43	79
960	2	tbsp	2	tbsp			f	7	79
961	2	unidades	2	u			f	80	80
962	1	qb	1	qb			f	10	80
963	0.5	tsp	0.5	tsp			f	24	80
964	1	qb	1	qb			f	1	80
965	180	g	180	g		drained	f	61	80
966	0.5	tsp	0.5	tsp			f	172	80
967	0.5	tsp	0.5	tsp			f	175	80
968	1	qb	1	qb			f	9	80
969	3	unidades	3	u			f	95	80
970	1	cups	1	c			f	79	80
971	1.5	tbsp	1.5	tbsp			f	63	80
972	1	unidades	1	u			f	15	80
973	0.5	unidades	0.5	u			f	59	80
974	1	qb	1	qb			f	251	80
975	1	unidades	1	u			f	252	80
976	1	tsp	1	tsp			f	64	80
977	8	unidades	8	u			f	247	80
978	500	g	500	g		pode ser peito	f	96	81
979	4	tbsp	4	tbsp			f	10	81
980	1	tbsp	1	tbsp			f	79	81
981	2	unidades	2	u			f	15	81
982	1	tsp	1	tsp			f	172	81
983	1	tsp	1	tsp			f	175	81
984	1	tsp	1	tsp			f	22	81
985	0.5	tsp	0.5	tsp			f	97	81
986	0.5	tsp	0.5	tsp			f	141	81
987	0.5	tsp	0.5	tsp			f	9	81
988	0.5	tsp	0.5	tsp			f	1	81
989	1.5	unidades	1.5	u			f	59	81
990	2	unidades	2	u			f	80	81
991	2	tbsp	2	tbsp			f	63	81
992	1	qb	1	qb			f	251	81
993	4	unidades	4	u			f	229	82
994	3	unidades	3	u			f	190	82
995	1	bunch	1	u			f	185	82
996	1	qb	1	qb			f	10	82
997	1	tbsp	1	tbsp			f	232	82
998	6	unidades	6	u			f	69	82
999	1	tsp	1	tsp			f	9	45
1000	4	unidades	4	u		mais coxas	f	170	45
1001	4	unidades	4	u		mais pernas	f	250	45
1002	0.3	cups	0.3	c			f	44	45
1003	3	unidades	3	u			f	163	45
1004	0.25	cups	0.25	c			f	226	45
1005	1	unidades	1	u			f	42	45
1006	3	unidades	3	u			f	15	45
1007	2.5	tbsp	2.5	tbsp	mascavado, amarelo ou cana de preferencia		f	20	45
1008	1	unidades	1	u	grande		f	16	45
\.


--
-- Data for Name: meals_menu; Type: TABLE DATA; Schema: public; Owner: postgres
--

COPY public.meals_menu (id, created_at, is_active, household_id) FROM stdin;
1	2025-09-13 14:59:31.915496+01	f	1
8	2025-09-20 23:09:31.127693+01	f	1
9	2025-09-20 23:14:18.091439+01	f	1
10	2025-09-20 23:34:24.396216+01	f	1
11	2025-09-20 23:34:44.60876+01	f	1
12	2025-09-20 23:35:03.092624+01	f	1
13	2025-09-20 23:49:27.056864+01	f	1
14	2025-09-20 23:49:32.433781+01	f	1
15	2025-09-20 23:50:13.950325+01	f	1
16	2025-09-20 23:50:47.05606+01	f	1
17	2025-09-20 23:50:56.375112+01	f	1
18	2025-09-20 23:51:36.732151+01	f	1
19	2025-09-20 23:52:49.768856+01	f	1
20	2025-09-21 13:10:41.746233+01	f	1
21	2025-09-21 13:41:41.440068+01	f	1
22	2025-09-21 13:41:45.295501+01	f	1
23	2025-09-21 13:42:05.075778+01	f	1
24	2025-09-21 13:42:12.924729+01	f	1
25	2025-09-21 13:58:35.888094+01	f	1
26	2025-09-21 13:58:50.468315+01	f	1
27	2025-09-21 21:36:08.850265+01	f	1
28	2025-09-22 14:04:38.666068+01	f	1
29	2025-09-22 23:15:52.389428+01	f	1
30	2025-09-24 21:27:28.424786+01	f	1
31	2026-01-23 21:14:14.948402+00	f	1
32	2026-01-23 21:16:24.056786+00	f	1
33	2026-01-23 21:17:21.58305+00	f	1
34	2026-01-23 21:18:21.539979+00	f	1
35	2026-01-23 21:18:45.555784+00	f	1
36	2026-01-23 21:19:00.85948+00	f	1
37	2026-01-23 21:21:06.46675+00	f	1
38	2026-01-23 21:21:26.061358+00	f	1
39	2026-01-23 21:24:32.335641+00	f	1
40	2026-01-23 21:25:08.953126+00	f	1
41	2026-01-23 21:26:38.149964+00	f	1
42	2026-01-23 21:27:09.444078+00	f	1
43	2026-01-23 21:50:30.956947+00	f	1
45	2026-01-23 21:55:16.06012+00	t	1
\.


--
-- Data for Name: meals_menumeal; Type: TABLE DATA; Schema: public; Owner: postgres
--

COPY public.meals_menumeal (id, state, state_updated_at, meal_id, menu_id, day_number, meal_type) FROM stdin;
\.


--
-- Data for Name: meals_nutritiontoken; Type: TABLE DATA; Schema: public; Owner: postgres
--

COPY public.meals_nutritiontoken (id, name, description) FROM stdin;
3	fish	.
4	seafood	.
5	veggies	.
6	legumes	.
1	red_meat	.
2	white_meat	.
\.


--
-- Name: auth_group_id_seq; Type: SEQUENCE SET; Schema: public; Owner: postgres
--

SELECT pg_catalog.setval('public.auth_group_id_seq', 1, false);


--
-- Name: auth_group_permissions_id_seq; Type: SEQUENCE SET; Schema: public; Owner: postgres
--

SELECT pg_catalog.setval('public.auth_group_permissions_id_seq', 1, false);


--
-- Name: auth_permission_id_seq; Type: SEQUENCE SET; Schema: public; Owner: postgres
--

SELECT pg_catalog.setval('public.auth_permission_id_seq', 72, true);


--
-- Name: auth_user_groups_id_seq; Type: SEQUENCE SET; Schema: public; Owner: postgres
--

SELECT pg_catalog.setval('public.auth_user_groups_id_seq', 1, false);


--
-- Name: auth_user_id_seq; Type: SEQUENCE SET; Schema: public; Owner: postgres
--

SELECT pg_catalog.setval('public.auth_user_id_seq', 1, false);


--
-- Name: auth_user_user_permissions_id_seq; Type: SEQUENCE SET; Schema: public; Owner: postgres
--

SELECT pg_catalog.setval('public.auth_user_user_permissions_id_seq', 1, false);


--
-- Name: django_admin_log_id_seq; Type: SEQUENCE SET; Schema: public; Owner: postgres
--

SELECT pg_catalog.setval('public.django_admin_log_id_seq', 1, false);


--
-- Name: django_content_type_id_seq; Type: SEQUENCE SET; Schema: public; Owner: postgres
--

SELECT pg_catalog.setval('public.django_content_type_id_seq', 16, true);


--
-- Name: django_migrations_id_seq; Type: SEQUENCE SET; Schema: public; Owner: postgres
--

SELECT pg_catalog.setval('public.django_migrations_id_seq', 31, true);


--
-- Name: meals_household_id_seq; Type: SEQUENCE SET; Schema: public; Owner: postgres
--

SELECT pg_catalog.setval('public.meals_household_id_seq', 1, false);


--
-- Name: meals_householdingredient_id_seq; Type: SEQUENCE SET; Schema: public; Owner: postgres
--

SELECT pg_catalog.setval('public.meals_householdingredient_id_seq', 699, true);


--
-- Name: meals_ingredient_id_seq; Type: SEQUENCE SET; Schema: public; Owner: postgres
--

SELECT pg_catalog.setval('public.meals_ingredient_id_seq', 252, true);


--
-- Name: meals_ingredientnutritiontoken_id_seq; Type: SEQUENCE SET; Schema: public; Owner: postgres
--

SELECT pg_catalog.setval('public.meals_ingredientnutritiontoken_id_seq', 87, true);


--
-- Name: meals_ingredientunitconversion_id_seq; Type: SEQUENCE SET; Schema: public; Owner: postgres
--

SELECT pg_catalog.setval('public.meals_ingredientunitconversion_id_seq', 2094, true);


--
-- Name: meals_mealingredient_id_seq; Type: SEQUENCE SET; Schema: public; Owner: postgres
--

SELECT pg_catalog.setval('public.meals_mealingredient_id_seq', 1008, true);


--
-- Name: meals_menu_id_seq; Type: SEQUENCE SET; Schema: public; Owner: postgres
--

SELECT pg_catalog.setval('public.meals_menu_id_seq', 45, true);


--
-- Name: meals_menumeal_id_seq; Type: SEQUENCE SET; Schema: public; Owner: postgres
--

SELECT pg_catalog.setval('public.meals_menumeal_id_seq', 290, true);


--
-- Name: meals_nutritiontoken_id_seq; Type: SEQUENCE SET; Schema: public; Owner: postgres
--

SELECT pg_catalog.setval('public.meals_nutritiontoken_id_seq', 1, false);


--
-- Name: meals_recipe_id_seq; Type: SEQUENCE SET; Schema: public; Owner: postgres
--

SELECT pg_catalog.setval('public.meals_recipe_id_seq', 375, true);


--
-- Name: auth_group auth_group_name_key; Type: CONSTRAINT; Schema: public; Owner: postgres
--

ALTER TABLE ONLY public.auth_group
    ADD CONSTRAINT auth_group_name_key UNIQUE (name);


--
-- Name: auth_group_permissions auth_group_permissions_group_id_permission_id_0cd325b0_uniq; Type: CONSTRAINT; Schema: public; Owner: postgres
--

ALTER TABLE ONLY public.auth_group_permissions
    ADD CONSTRAINT auth_group_permissions_group_id_permission_id_0cd325b0_uniq UNIQUE (group_id, permission_id);


--
-- Name: auth_group_permissions auth_group_permissions_pkey; Type: CONSTRAINT; Schema: public; Owner: postgres
--

ALTER TABLE ONLY public.auth_group_permissions
    ADD CONSTRAINT auth_group_permissions_pkey PRIMARY KEY (id);


--
-- Name: auth_group auth_group_pkey; Type: CONSTRAINT; Schema: public; Owner: postgres
--

ALTER TABLE ONLY public.auth_group
    ADD CONSTRAINT auth_group_pkey PRIMARY KEY (id);


--
-- Name: auth_permission auth_permission_content_type_id_codename_01ab375a_uniq; Type: CONSTRAINT; Schema: public; Owner: postgres
--

ALTER TABLE ONLY public.auth_permission
    ADD CONSTRAINT auth_permission_content_type_id_codename_01ab375a_uniq UNIQUE (content_type_id, codename);


--
-- Name: auth_permission auth_permission_pkey; Type: CONSTRAINT; Schema: public; Owner: postgres
--

ALTER TABLE ONLY public.auth_permission
    ADD CONSTRAINT auth_permission_pkey PRIMARY KEY (id);


--
-- Name: auth_user_groups auth_user_groups_pkey; Type: CONSTRAINT; Schema: public; Owner: postgres
--

ALTER TABLE ONLY public.auth_user_groups
    ADD CONSTRAINT auth_user_groups_pkey PRIMARY KEY (id);


--
-- Name: auth_user_groups auth_user_groups_user_id_group_id_94350c0c_uniq; Type: CONSTRAINT; Schema: public; Owner: postgres
--

ALTER TABLE ONLY public.auth_user_groups
    ADD CONSTRAINT auth_user_groups_user_id_group_id_94350c0c_uniq UNIQUE (user_id, group_id);


--
-- Name: auth_user auth_user_pkey; Type: CONSTRAINT; Schema: public; Owner: postgres
--

ALTER TABLE ONLY public.auth_user
    ADD CONSTRAINT auth_user_pkey PRIMARY KEY (id);


--
-- Name: auth_user_user_permissions auth_user_user_permissions_pkey; Type: CONSTRAINT; Schema: public; Owner: postgres
--

ALTER TABLE ONLY public.auth_user_user_permissions
    ADD CONSTRAINT auth_user_user_permissions_pkey PRIMARY KEY (id);


--
-- Name: auth_user_user_permissions auth_user_user_permissions_user_id_permission_id_14a6b632_uniq; Type: CONSTRAINT; Schema: public; Owner: postgres
--

ALTER TABLE ONLY public.auth_user_user_permissions
    ADD CONSTRAINT auth_user_user_permissions_user_id_permission_id_14a6b632_uniq UNIQUE (user_id, permission_id);


--
-- Name: auth_user auth_user_username_key; Type: CONSTRAINT; Schema: public; Owner: postgres
--

ALTER TABLE ONLY public.auth_user
    ADD CONSTRAINT auth_user_username_key UNIQUE (username);


--
-- Name: django_admin_log django_admin_log_pkey; Type: CONSTRAINT; Schema: public; Owner: postgres
--

ALTER TABLE ONLY public.django_admin_log
    ADD CONSTRAINT django_admin_log_pkey PRIMARY KEY (id);


--
-- Name: django_content_type django_content_type_app_label_model_76bd3d3b_uniq; Type: CONSTRAINT; Schema: public; Owner: postgres
--

ALTER TABLE ONLY public.django_content_type
    ADD CONSTRAINT django_content_type_app_label_model_76bd3d3b_uniq UNIQUE (app_label, model);


--
-- Name: django_content_type django_content_type_pkey; Type: CONSTRAINT; Schema: public; Owner: postgres
--

ALTER TABLE ONLY public.django_content_type
    ADD CONSTRAINT django_content_type_pkey PRIMARY KEY (id);


--
-- Name: django_migrations django_migrations_pkey; Type: CONSTRAINT; Schema: public; Owner: postgres
--

ALTER TABLE ONLY public.django_migrations
    ADD CONSTRAINT django_migrations_pkey PRIMARY KEY (id);


--
-- Name: django_session django_session_pkey; Type: CONSTRAINT; Schema: public; Owner: postgres
--

ALTER TABLE ONLY public.django_session
    ADD CONSTRAINT django_session_pkey PRIMARY KEY (session_key);


--
-- Name: meals_household meals_household_pkey; Type: CONSTRAINT; Schema: public; Owner: postgres
--

ALTER TABLE ONLY public.meals_household
    ADD CONSTRAINT meals_household_pkey PRIMARY KEY (id);


--
-- Name: meals_householdingredient meals_householdingredien_household_id_ingredient__080c0a7e_uniq; Type: CONSTRAINT; Schema: public; Owner: postgres
--

ALTER TABLE ONLY public.meals_householdingredient
    ADD CONSTRAINT meals_householdingredien_household_id_ingredient__080c0a7e_uniq UNIQUE (household_id, ingredient_id);


--
-- Name: meals_householdingredient meals_householdingredient_pkey; Type: CONSTRAINT; Schema: public; Owner: postgres
--

ALTER TABLE ONLY public.meals_householdingredient
    ADD CONSTRAINT meals_householdingredient_pkey PRIMARY KEY (id);


--
-- Name: meals_ingredient meals_ingredient_pkey; Type: CONSTRAINT; Schema: public; Owner: postgres
--

ALTER TABLE ONLY public.meals_ingredient
    ADD CONSTRAINT meals_ingredient_pkey PRIMARY KEY (id);


--
-- Name: meals_ingredientnutritiontoken meals_ingredientnutritio_ingredient_id_token_id_a771f7b2_uniq; Type: CONSTRAINT; Schema: public; Owner: postgres
--

ALTER TABLE ONLY public.meals_ingredientnutritiontoken
    ADD CONSTRAINT meals_ingredientnutritio_ingredient_id_token_id_a771f7b2_uniq UNIQUE (ingredient_id, token_id);


--
-- Name: meals_ingredientnutritiontoken meals_ingredientnutritiontoken_pkey; Type: CONSTRAINT; Schema: public; Owner: postgres
--

ALTER TABLE ONLY public.meals_ingredientnutritiontoken
    ADD CONSTRAINT meals_ingredientnutritiontoken_pkey PRIMARY KEY (id);


--
-- Name: meals_ingredientmeasure meals_ingredientunitconv_ingredient_id_unit_descr_0a5441ad_uniq; Type: CONSTRAINT; Schema: public; Owner: postgres
--

ALTER TABLE ONLY public.meals_ingredientmeasure
    ADD CONSTRAINT meals_ingredientunitconv_ingredient_id_unit_descr_0a5441ad_uniq UNIQUE (ingredient_id, unit_description);


--
-- Name: meals_ingredientmeasure meals_ingredientunitconversion_pkey; Type: CONSTRAINT; Schema: public; Owner: postgres
--

ALTER TABLE ONLY public.meals_ingredientmeasure
    ADD CONSTRAINT meals_ingredientunitconversion_pkey PRIMARY KEY (id);


--
-- Name: meals_mealingredient meals_mealingredient_pkey; Type: CONSTRAINT; Schema: public; Owner: postgres
--

ALTER TABLE ONLY public.meals_mealingredient
    ADD CONSTRAINT meals_mealingredient_pkey PRIMARY KEY (id);


--
-- Name: meals_menu meals_menu_pkey; Type: CONSTRAINT; Schema: public; Owner: postgres
--

ALTER TABLE ONLY public.meals_menu
    ADD CONSTRAINT meals_menu_pkey PRIMARY KEY (id);


--
-- Name: meals_menumeal meals_menumeal_pkey; Type: CONSTRAINT; Schema: public; Owner: postgres
--

ALTER TABLE ONLY public.meals_menumeal
    ADD CONSTRAINT meals_menumeal_pkey PRIMARY KEY (id);


--
-- Name: meals_nutritiontoken meals_nutritiontoken_name_key; Type: CONSTRAINT; Schema: public; Owner: postgres
--

ALTER TABLE ONLY public.meals_nutritiontoken
    ADD CONSTRAINT meals_nutritiontoken_name_key UNIQUE (name);


--
-- Name: meals_nutritiontoken meals_nutritiontoken_pkey; Type: CONSTRAINT; Schema: public; Owner: postgres
--

ALTER TABLE ONLY public.meals_nutritiontoken
    ADD CONSTRAINT meals_nutritiontoken_pkey PRIMARY KEY (id);


--
-- Name: meals_meal meals_recipe_pkey; Type: CONSTRAINT; Schema: public; Owner: postgres
--

ALTER TABLE ONLY public.meals_meal
    ADD CONSTRAINT meals_recipe_pkey PRIMARY KEY (id);


--
-- Name: meals_menumeal unique_meal_per_day_and_slot; Type: CONSTRAINT; Schema: public; Owner: postgres
--

ALTER TABLE ONLY public.meals_menumeal
    ADD CONSTRAINT unique_meal_per_day_and_slot UNIQUE (menu_id, day_number, meal_type);


--
-- Name: meals_menumeal unique_meal_per_menu; Type: CONSTRAINT; Schema: public; Owner: postgres
--

ALTER TABLE ONLY public.meals_menumeal
    ADD CONSTRAINT unique_meal_per_menu UNIQUE (menu_id, meal_id);


--
-- Name: auth_group_name_a6ea08ec_like; Type: INDEX; Schema: public; Owner: postgres
--

CREATE INDEX auth_group_name_a6ea08ec_like ON public.auth_group USING btree (name varchar_pattern_ops);


--
-- Name: auth_group_permissions_group_id_b120cbf9; Type: INDEX; Schema: public; Owner: postgres
--

CREATE INDEX auth_group_permissions_group_id_b120cbf9 ON public.auth_group_permissions USING btree (group_id);


--
-- Name: auth_group_permissions_permission_id_84c5c92e; Type: INDEX; Schema: public; Owner: postgres
--

CREATE INDEX auth_group_permissions_permission_id_84c5c92e ON public.auth_group_permissions USING btree (permission_id);


--
-- Name: auth_permission_content_type_id_2f476e4b; Type: INDEX; Schema: public; Owner: postgres
--

CREATE INDEX auth_permission_content_type_id_2f476e4b ON public.auth_permission USING btree (content_type_id);


--
-- Name: auth_user_groups_group_id_97559544; Type: INDEX; Schema: public; Owner: postgres
--

CREATE INDEX auth_user_groups_group_id_97559544 ON public.auth_user_groups USING btree (group_id);


--
-- Name: auth_user_groups_user_id_6a12ed8b; Type: INDEX; Schema: public; Owner: postgres
--

CREATE INDEX auth_user_groups_user_id_6a12ed8b ON public.auth_user_groups USING btree (user_id);


--
-- Name: auth_user_user_permissions_permission_id_1fbb5f2c; Type: INDEX; Schema: public; Owner: postgres
--

CREATE INDEX auth_user_user_permissions_permission_id_1fbb5f2c ON public.auth_user_user_permissions USING btree (permission_id);


--
-- Name: auth_user_user_permissions_user_id_a95ead1b; Type: INDEX; Schema: public; Owner: postgres
--

CREATE INDEX auth_user_user_permissions_user_id_a95ead1b ON public.auth_user_user_permissions USING btree (user_id);


--
-- Name: auth_user_username_6821ab7c_like; Type: INDEX; Schema: public; Owner: postgres
--

CREATE INDEX auth_user_username_6821ab7c_like ON public.auth_user USING btree (username varchar_pattern_ops);


--
-- Name: django_admin_log_content_type_id_c4bce8eb; Type: INDEX; Schema: public; Owner: postgres
--

CREATE INDEX django_admin_log_content_type_id_c4bce8eb ON public.django_admin_log USING btree (content_type_id);


--
-- Name: django_admin_log_user_id_c564eba6; Type: INDEX; Schema: public; Owner: postgres
--

CREATE INDEX django_admin_log_user_id_c564eba6 ON public.django_admin_log USING btree (user_id);


--
-- Name: django_session_expire_date_a5c62663; Type: INDEX; Schema: public; Owner: postgres
--

CREATE INDEX django_session_expire_date_a5c62663 ON public.django_session USING btree (expire_date);


--
-- Name: django_session_session_key_c0390e0f_like; Type: INDEX; Schema: public; Owner: postgres
--

CREATE INDEX django_session_session_key_c0390e0f_like ON public.django_session USING btree (session_key varchar_pattern_ops);


--
-- Name: meals_householdingredient_household_id_172584ba; Type: INDEX; Schema: public; Owner: postgres
--

CREATE INDEX meals_householdingredient_household_id_172584ba ON public.meals_householdingredient USING btree (household_id);


--
-- Name: meals_householdingredient_ingredient_id_32b2efda; Type: INDEX; Schema: public; Owner: postgres
--

CREATE INDEX meals_householdingredient_ingredient_id_32b2efda ON public.meals_householdingredient USING btree (ingredient_id);


--
-- Name: meals_ingredientnutritiontoken_ingredient_id_38bb311e; Type: INDEX; Schema: public; Owner: postgres
--

CREATE INDEX meals_ingredientnutritiontoken_ingredient_id_38bb311e ON public.meals_ingredientnutritiontoken USING btree (ingredient_id);


--
-- Name: meals_ingredientnutritiontoken_token_id_c222897e; Type: INDEX; Schema: public; Owner: postgres
--

CREATE INDEX meals_ingredientnutritiontoken_token_id_c222897e ON public.meals_ingredientnutritiontoken USING btree (token_id);


--
-- Name: meals_ingredientunitconversion_ingredient_id_c94cc919; Type: INDEX; Schema: public; Owner: postgres
--

CREATE INDEX meals_ingredientunitconversion_ingredient_id_c94cc919 ON public.meals_ingredientmeasure USING btree (ingredient_id);


--
-- Name: meals_mealingredient_ingredient_id_2199f42a; Type: INDEX; Schema: public; Owner: postgres
--

CREATE INDEX meals_mealingredient_ingredient_id_2199f42a ON public.meals_mealingredient USING btree (ingredient_id);


--
-- Name: meals_mealingredient_meal_id_cb0c2ee8; Type: INDEX; Schema: public; Owner: postgres
--

CREATE INDEX meals_mealingredient_meal_id_cb0c2ee8 ON public.meals_mealingredient USING btree (meal_id);


--
-- Name: meals_menu_household_id_f3622c99; Type: INDEX; Schema: public; Owner: postgres
--

CREATE INDEX meals_menu_household_id_f3622c99 ON public.meals_menu USING btree (household_id);


--
-- Name: meals_menumeal_meal_id_6a1ae675; Type: INDEX; Schema: public; Owner: postgres
--

CREATE INDEX meals_menumeal_meal_id_6a1ae675 ON public.meals_menumeal USING btree (meal_id);


--
-- Name: meals_menumeal_menu_id_26a06af0; Type: INDEX; Schema: public; Owner: postgres
--

CREATE INDEX meals_menumeal_menu_id_26a06af0 ON public.meals_menumeal USING btree (menu_id);


--
-- Name: meals_nutritiontoken_name_ae70aefb_like; Type: INDEX; Schema: public; Owner: postgres
--

CREATE INDEX meals_nutritiontoken_name_ae70aefb_like ON public.meals_nutritiontoken USING btree (name varchar_pattern_ops);


--
-- Name: auth_group_permissions auth_group_permissio_permission_id_84c5c92e_fk_auth_perm; Type: FK CONSTRAINT; Schema: public; Owner: postgres
--

ALTER TABLE ONLY public.auth_group_permissions
    ADD CONSTRAINT auth_group_permissio_permission_id_84c5c92e_fk_auth_perm FOREIGN KEY (permission_id) REFERENCES public.auth_permission(id) DEFERRABLE INITIALLY DEFERRED;


--
-- Name: auth_group_permissions auth_group_permissions_group_id_b120cbf9_fk_auth_group_id; Type: FK CONSTRAINT; Schema: public; Owner: postgres
--

ALTER TABLE ONLY public.auth_group_permissions
    ADD CONSTRAINT auth_group_permissions_group_id_b120cbf9_fk_auth_group_id FOREIGN KEY (group_id) REFERENCES public.auth_group(id) DEFERRABLE INITIALLY DEFERRED;


--
-- Name: auth_permission auth_permission_content_type_id_2f476e4b_fk_django_co; Type: FK CONSTRAINT; Schema: public; Owner: postgres
--

ALTER TABLE ONLY public.auth_permission
    ADD CONSTRAINT auth_permission_content_type_id_2f476e4b_fk_django_co FOREIGN KEY (content_type_id) REFERENCES public.django_content_type(id) DEFERRABLE INITIALLY DEFERRED;


--
-- Name: auth_user_groups auth_user_groups_group_id_97559544_fk_auth_group_id; Type: FK CONSTRAINT; Schema: public; Owner: postgres
--

ALTER TABLE ONLY public.auth_user_groups
    ADD CONSTRAINT auth_user_groups_group_id_97559544_fk_auth_group_id FOREIGN KEY (group_id) REFERENCES public.auth_group(id) DEFERRABLE INITIALLY DEFERRED;


--
-- Name: auth_user_groups auth_user_groups_user_id_6a12ed8b_fk_auth_user_id; Type: FK CONSTRAINT; Schema: public; Owner: postgres
--

ALTER TABLE ONLY public.auth_user_groups
    ADD CONSTRAINT auth_user_groups_user_id_6a12ed8b_fk_auth_user_id FOREIGN KEY (user_id) REFERENCES public.auth_user(id) DEFERRABLE INITIALLY DEFERRED;


--
-- Name: auth_user_user_permissions auth_user_user_permi_permission_id_1fbb5f2c_fk_auth_perm; Type: FK CONSTRAINT; Schema: public; Owner: postgres
--

ALTER TABLE ONLY public.auth_user_user_permissions
    ADD CONSTRAINT auth_user_user_permi_permission_id_1fbb5f2c_fk_auth_perm FOREIGN KEY (permission_id) REFERENCES public.auth_permission(id) DEFERRABLE INITIALLY DEFERRED;


--
-- Name: auth_user_user_permissions auth_user_user_permissions_user_id_a95ead1b_fk_auth_user_id; Type: FK CONSTRAINT; Schema: public; Owner: postgres
--

ALTER TABLE ONLY public.auth_user_user_permissions
    ADD CONSTRAINT auth_user_user_permissions_user_id_a95ead1b_fk_auth_user_id FOREIGN KEY (user_id) REFERENCES public.auth_user(id) DEFERRABLE INITIALLY DEFERRED;


--
-- Name: django_admin_log django_admin_log_content_type_id_c4bce8eb_fk_django_co; Type: FK CONSTRAINT; Schema: public; Owner: postgres
--

ALTER TABLE ONLY public.django_admin_log
    ADD CONSTRAINT django_admin_log_content_type_id_c4bce8eb_fk_django_co FOREIGN KEY (content_type_id) REFERENCES public.django_content_type(id) DEFERRABLE INITIALLY DEFERRED;


--
-- Name: django_admin_log django_admin_log_user_id_c564eba6_fk_auth_user_id; Type: FK CONSTRAINT; Schema: public; Owner: postgres
--

ALTER TABLE ONLY public.django_admin_log
    ADD CONSTRAINT django_admin_log_user_id_c564eba6_fk_auth_user_id FOREIGN KEY (user_id) REFERENCES public.auth_user(id) DEFERRABLE INITIALLY DEFERRED;


--
-- Name: meals_householdingredient meals_householdingre_household_id_172584ba_fk_meals_hou; Type: FK CONSTRAINT; Schema: public; Owner: postgres
--

ALTER TABLE ONLY public.meals_householdingredient
    ADD CONSTRAINT meals_householdingre_household_id_172584ba_fk_meals_hou FOREIGN KEY (household_id) REFERENCES public.meals_household(id) DEFERRABLE INITIALLY DEFERRED;


--
-- Name: meals_householdingredient meals_householdingre_ingredient_id_32b2efda_fk_meals_ing; Type: FK CONSTRAINT; Schema: public; Owner: postgres
--

ALTER TABLE ONLY public.meals_householdingredient
    ADD CONSTRAINT meals_householdingre_ingredient_id_32b2efda_fk_meals_ing FOREIGN KEY (ingredient_id) REFERENCES public.meals_ingredient(id) DEFERRABLE INITIALLY DEFERRED;


--
-- Name: meals_ingredientnutritiontoken meals_ingredientnutr_ingredient_id_38bb311e_fk_meals_ing; Type: FK CONSTRAINT; Schema: public; Owner: postgres
--

ALTER TABLE ONLY public.meals_ingredientnutritiontoken
    ADD CONSTRAINT meals_ingredientnutr_ingredient_id_38bb311e_fk_meals_ing FOREIGN KEY (ingredient_id) REFERENCES public.meals_ingredient(id) DEFERRABLE INITIALLY DEFERRED;


--
-- Name: meals_ingredientnutritiontoken meals_ingredientnutr_token_id_c222897e_fk_meals_nut; Type: FK CONSTRAINT; Schema: public; Owner: postgres
--

ALTER TABLE ONLY public.meals_ingredientnutritiontoken
    ADD CONSTRAINT meals_ingredientnutr_token_id_c222897e_fk_meals_nut FOREIGN KEY (token_id) REFERENCES public.meals_nutritiontoken(id) DEFERRABLE INITIALLY DEFERRED;


--
-- Name: meals_ingredientmeasure meals_ingredientunit_ingredient_id_c94cc919_fk_meals_ing; Type: FK CONSTRAINT; Schema: public; Owner: postgres
--

ALTER TABLE ONLY public.meals_ingredientmeasure
    ADD CONSTRAINT meals_ingredientunit_ingredient_id_c94cc919_fk_meals_ing FOREIGN KEY (ingredient_id) REFERENCES public.meals_ingredient(id) DEFERRABLE INITIALLY DEFERRED;


--
-- Name: meals_mealingredient meals_mealingredient_ingredient_id_2199f42a_fk_meals_ing; Type: FK CONSTRAINT; Schema: public; Owner: postgres
--

ALTER TABLE ONLY public.meals_mealingredient
    ADD CONSTRAINT meals_mealingredient_ingredient_id_2199f42a_fk_meals_ing FOREIGN KEY (ingredient_id) REFERENCES public.meals_ingredient(id) DEFERRABLE INITIALLY DEFERRED;


--
-- Name: meals_mealingredient meals_mealingredient_meal_id_cb0c2ee8_fk_meals_meal_id; Type: FK CONSTRAINT; Schema: public; Owner: postgres
--

ALTER TABLE ONLY public.meals_mealingredient
    ADD CONSTRAINT meals_mealingredient_meal_id_cb0c2ee8_fk_meals_meal_id FOREIGN KEY (meal_id) REFERENCES public.meals_meal(id) DEFERRABLE INITIALLY DEFERRED;


--
-- Name: meals_menu meals_menu_household_id_f3622c99_fk_meals_household_id; Type: FK CONSTRAINT; Schema: public; Owner: postgres
--

ALTER TABLE ONLY public.meals_menu
    ADD CONSTRAINT meals_menu_household_id_f3622c99_fk_meals_household_id FOREIGN KEY (household_id) REFERENCES public.meals_household(id) DEFERRABLE INITIALLY DEFERRED;


--
-- Name: meals_menumeal meals_menumeal_meal_id_6a1ae675_fk_meals_meal_id; Type: FK CONSTRAINT; Schema: public; Owner: postgres
--

ALTER TABLE ONLY public.meals_menumeal
    ADD CONSTRAINT meals_menumeal_meal_id_6a1ae675_fk_meals_meal_id FOREIGN KEY (meal_id) REFERENCES public.meals_meal(id) DEFERRABLE INITIALLY DEFERRED;


--
-- Name: meals_menumeal meals_menumeal_menu_id_26a06af0_fk_meals_menu_id; Type: FK CONSTRAINT; Schema: public; Owner: postgres
--

ALTER TABLE ONLY public.meals_menumeal
    ADD CONSTRAINT meals_menumeal_menu_id_26a06af0_fk_meals_menu_id FOREIGN KEY (menu_id) REFERENCES public.meals_menu(id) DEFERRABLE INITIALLY DEFERRED;


--
-- Name: TABLE auth_group; Type: ACL; Schema: public; Owner: postgres
--

GRANT ALL ON TABLE public.auth_group TO plato;


--
-- Name: TABLE auth_group_permissions; Type: ACL; Schema: public; Owner: postgres
--

GRANT ALL ON TABLE public.auth_group_permissions TO plato;


--
-- Name: TABLE auth_permission; Type: ACL; Schema: public; Owner: postgres
--

GRANT ALL ON TABLE public.auth_permission TO plato;


--
-- Name: TABLE auth_user; Type: ACL; Schema: public; Owner: postgres
--

GRANT ALL ON TABLE public.auth_user TO plato;


--
-- Name: TABLE auth_user_groups; Type: ACL; Schema: public; Owner: postgres
--

GRANT ALL ON TABLE public.auth_user_groups TO plato;


--
-- Name: TABLE auth_user_user_permissions; Type: ACL; Schema: public; Owner: postgres
--

GRANT ALL ON TABLE public.auth_user_user_permissions TO plato;


--
-- Name: TABLE django_admin_log; Type: ACL; Schema: public; Owner: postgres
--

GRANT ALL ON TABLE public.django_admin_log TO plato;


--
-- Name: TABLE django_content_type; Type: ACL; Schema: public; Owner: postgres
--

GRANT ALL ON TABLE public.django_content_type TO plato;


--
-- Name: TABLE django_migrations; Type: ACL; Schema: public; Owner: postgres
--

GRANT ALL ON TABLE public.django_migrations TO plato;


--
-- Name: TABLE django_session; Type: ACL; Schema: public; Owner: postgres
--

GRANT ALL ON TABLE public.django_session TO plato;


--
-- Name: TABLE meals_household; Type: ACL; Schema: public; Owner: postgres
--

GRANT ALL ON TABLE public.meals_household TO plato;


--
-- Name: TABLE meals_householdingredient; Type: ACL; Schema: public; Owner: postgres
--

GRANT ALL ON TABLE public.meals_householdingredient TO plato;


--
-- Name: TABLE meals_ingredient; Type: ACL; Schema: public; Owner: postgres
--

GRANT ALL ON TABLE public.meals_ingredient TO plato;


--
-- Name: TABLE meals_ingredientmeasure; Type: ACL; Schema: public; Owner: postgres
--

GRANT ALL ON TABLE public.meals_ingredientmeasure TO plato;


--
-- Name: TABLE meals_ingredientnutritiontoken; Type: ACL; Schema: public; Owner: postgres
--

GRANT ALL ON TABLE public.meals_ingredientnutritiontoken TO plato;


--
-- Name: TABLE meals_meal; Type: ACL; Schema: public; Owner: postgres
--

GRANT ALL ON TABLE public.meals_meal TO plato;


--
-- Name: TABLE meals_mealingredient; Type: ACL; Schema: public; Owner: postgres
--

GRANT ALL ON TABLE public.meals_mealingredient TO plato;


--
-- Name: TABLE meals_menu; Type: ACL; Schema: public; Owner: postgres
--

GRANT ALL ON TABLE public.meals_menu TO plato;


--
-- Name: TABLE meals_menumeal; Type: ACL; Schema: public; Owner: postgres
--

GRANT ALL ON TABLE public.meals_menumeal TO plato;


--
-- Name: TABLE meals_nutritiontoken; Type: ACL; Schema: public; Owner: postgres
--

GRANT ALL ON TABLE public.meals_nutritiontoken TO plato;


--
-- Name: DEFAULT PRIVILEGES FOR TABLES; Type: DEFAULT ACL; Schema: -; Owner: postgres
--

ALTER DEFAULT PRIVILEGES FOR ROLE postgres GRANT ALL ON TABLES TO plato;


--
-- PostgreSQL database dump complete
--

