--
-- PostgreSQL database dump
--

-- Dumped from database version 17.5
-- Dumped by pg_dump version 17.5

SET statement_timeout = 0;
SET lock_timeout = 0;
SET idle_in_transaction_session_timeout = 0;
SET transaction_timeout = 0;
SET client_encoding = 'UTF8';
SET standard_conforming_strings = on;
SELECT pg_catalog.set_config('search_path', '', false);
SET check_function_bodies = false;
SET xmloption = content;
SET client_min_messages = warning;
SET row_security = off;

SET default_tablespace = '';

SET default_table_access_method = heap;

--
-- Name: auth_group; Type: TABLE; Schema: public; Owner: postgres
--

CREATE TABLE public.auth_group (
    id integer NOT NULL,
    name character varying(150) NOT NULL
);


ALTER TABLE public.auth_group OWNER TO postgres;

--
-- Name: auth_group_id_seq; Type: SEQUENCE; Schema: public; Owner: postgres
--

ALTER TABLE public.auth_group ALTER COLUMN id ADD GENERATED BY DEFAULT AS IDENTITY (
    SEQUENCE NAME public.auth_group_id_seq
    START WITH 1
    INCREMENT BY 1
    NO MINVALUE
    NO MAXVALUE
    CACHE 1
);


--
-- Name: auth_group_permissions; Type: TABLE; Schema: public; Owner: postgres
--

CREATE TABLE public.auth_group_permissions (
    id bigint NOT NULL,
    group_id integer NOT NULL,
    permission_id integer NOT NULL
);


ALTER TABLE public.auth_group_permissions OWNER TO postgres;

--
-- Name: auth_group_permissions_id_seq; Type: SEQUENCE; Schema: public; Owner: postgres
--

ALTER TABLE public.auth_group_permissions ALTER COLUMN id ADD GENERATED BY DEFAULT AS IDENTITY (
    SEQUENCE NAME public.auth_group_permissions_id_seq
    START WITH 1
    INCREMENT BY 1
    NO MINVALUE
    NO MAXVALUE
    CACHE 1
);


--
-- Name: auth_permission; Type: TABLE; Schema: public; Owner: postgres
--

CREATE TABLE public.auth_permission (
    id integer NOT NULL,
    name character varying(255) NOT NULL,
    content_type_id integer NOT NULL,
    codename character varying(100) NOT NULL
);


ALTER TABLE public.auth_permission OWNER TO postgres;

--
-- Name: auth_permission_id_seq; Type: SEQUENCE; Schema: public; Owner: postgres
--

ALTER TABLE public.auth_permission ALTER COLUMN id ADD GENERATED BY DEFAULT AS IDENTITY (
    SEQUENCE NAME public.auth_permission_id_seq
    START WITH 1
    INCREMENT BY 1
    NO MINVALUE
    NO MAXVALUE
    CACHE 1
);


--
-- Name: auth_user; Type: TABLE; Schema: public; Owner: postgres
--

CREATE TABLE public.auth_user (
    id integer NOT NULL,
    password character varying(128) NOT NULL,
    last_login timestamp with time zone,
    is_superuser boolean NOT NULL,
    username character varying(150) NOT NULL,
    first_name character varying(150) NOT NULL,
    last_name character varying(150) NOT NULL,
    email character varying(254) NOT NULL,
    is_staff boolean NOT NULL,
    is_active boolean NOT NULL,
    date_joined timestamp with time zone NOT NULL
);


ALTER TABLE public.auth_user OWNER TO postgres;

--
-- Name: auth_user_groups; Type: TABLE; Schema: public; Owner: postgres
--

CREATE TABLE public.auth_user_groups (
    id bigint NOT NULL,
    user_id integer NOT NULL,
    group_id integer NOT NULL
);


ALTER TABLE public.auth_user_groups OWNER TO postgres;

--
-- Name: auth_user_groups_id_seq; Type: SEQUENCE; Schema: public; Owner: postgres
--

ALTER TABLE public.auth_user_groups ALTER COLUMN id ADD GENERATED BY DEFAULT AS IDENTITY (
    SEQUENCE NAME public.auth_user_groups_id_seq
    START WITH 1
    INCREMENT BY 1
    NO MINVALUE
    NO MAXVALUE
    CACHE 1
);


--
-- Name: auth_user_id_seq; Type: SEQUENCE; Schema: public; Owner: postgres
--

ALTER TABLE public.auth_user ALTER COLUMN id ADD GENERATED BY DEFAULT AS IDENTITY (
    SEQUENCE NAME public.auth_user_id_seq
    START WITH 1
    INCREMENT BY 1
    NO MINVALUE
    NO MAXVALUE
    CACHE 1
);


--
-- Name: auth_user_user_permissions; Type: TABLE; Schema: public; Owner: postgres
--

CREATE TABLE public.auth_user_user_permissions (
    id bigint NOT NULL,
    user_id integer NOT NULL,
    permission_id integer NOT NULL
);


ALTER TABLE public.auth_user_user_permissions OWNER TO postgres;

--
-- Name: auth_user_user_permissions_id_seq; Type: SEQUENCE; Schema: public; Owner: postgres
--

ALTER TABLE public.auth_user_user_permissions ALTER COLUMN id ADD GENERATED BY DEFAULT AS IDENTITY (
    SEQUENCE NAME public.auth_user_user_permissions_id_seq
    START WITH 1
    INCREMENT BY 1
    NO MINVALUE
    NO MAXVALUE
    CACHE 1
);


--
-- Name: django_admin_log; Type: TABLE; Schema: public; Owner: postgres
--

CREATE TABLE public.django_admin_log (
    id integer NOT NULL,
    action_time timestamp with time zone NOT NULL,
    object_id text,
    object_repr character varying(200) NOT NULL,
    action_flag smallint NOT NULL,
    change_message text NOT NULL,
    content_type_id integer,
    user_id integer NOT NULL,
    CONSTRAINT django_admin_log_action_flag_check CHECK ((action_flag >= 0))
);


ALTER TABLE public.django_admin_log OWNER TO postgres;

--
-- Name: django_admin_log_id_seq; Type: SEQUENCE; Schema: public; Owner: postgres
--

ALTER TABLE public.django_admin_log ALTER COLUMN id ADD GENERATED BY DEFAULT AS IDENTITY (
    SEQUENCE NAME public.django_admin_log_id_seq
    START WITH 1
    INCREMENT BY 1
    NO MINVALUE
    NO MAXVALUE
    CACHE 1
);


--
-- Name: django_content_type; Type: TABLE; Schema: public; Owner: postgres
--

CREATE TABLE public.django_content_type (
    id integer NOT NULL,
    app_label character varying(100) NOT NULL,
    model character varying(100) NOT NULL
);


ALTER TABLE public.django_content_type OWNER TO postgres;

--
-- Name: django_content_type_id_seq; Type: SEQUENCE; Schema: public; Owner: postgres
--

ALTER TABLE public.django_content_type ALTER COLUMN id ADD GENERATED BY DEFAULT AS IDENTITY (
    SEQUENCE NAME public.django_content_type_id_seq
    START WITH 1
    INCREMENT BY 1
    NO MINVALUE
    NO MAXVALUE
    CACHE 1
);


--
-- Name: django_migrations; Type: TABLE; Schema: public; Owner: postgres
--

CREATE TABLE public.django_migrations (
    id bigint NOT NULL,
    app character varying(255) NOT NULL,
    name character varying(255) NOT NULL,
    applied timestamp with time zone NOT NULL
);


ALTER TABLE public.django_migrations OWNER TO postgres;

--
-- Name: django_migrations_id_seq; Type: SEQUENCE; Schema: public; Owner: postgres
--

ALTER TABLE public.django_migrations ALTER COLUMN id ADD GENERATED BY DEFAULT AS IDENTITY (
    SEQUENCE NAME public.django_migrations_id_seq
    START WITH 1
    INCREMENT BY 1
    NO MINVALUE
    NO MAXVALUE
    CACHE 1
);


--
-- Name: django_session; Type: TABLE; Schema: public; Owner: postgres
--

CREATE TABLE public.django_session (
    session_key character varying(40) NOT NULL,
    session_data text NOT NULL,
    expire_date timestamp with time zone NOT NULL
);


ALTER TABLE public.django_session OWNER TO postgres;

--
-- Name: meals_household; Type: TABLE; Schema: public; Owner: postgres
--

CREATE TABLE public.meals_household (
    id bigint NOT NULL,
    name character varying(255) NOT NULL
);


ALTER TABLE public.meals_household OWNER TO postgres;

--
-- Name: meals_household_id_seq; Type: SEQUENCE; Schema: public; Owner: postgres
--

ALTER TABLE public.meals_household ALTER COLUMN id ADD GENERATED BY DEFAULT AS IDENTITY (
    SEQUENCE NAME public.meals_household_id_seq
    START WITH 1
    INCREMENT BY 1
    NO MINVALUE
    NO MAXVALUE
    CACHE 1
);


--
-- Name: meals_householdingredient; Type: TABLE; Schema: public; Owner: postgres
--

CREATE TABLE public.meals_householdingredient (
    id bigint NOT NULL,
    status smallint NOT NULL,
    household_id bigint NOT NULL,
    ingredient_id bigint NOT NULL,
    CONSTRAINT meals_householdingredient_status_check CHECK ((status >= 0))
);


ALTER TABLE public.meals_householdingredient OWNER TO postgres;

--
-- Name: meals_householdingredient_id_seq; Type: SEQUENCE; Schema: public; Owner: postgres
--

ALTER TABLE public.meals_householdingredient ALTER COLUMN id ADD GENERATED BY DEFAULT AS IDENTITY (
    SEQUENCE NAME public.meals_householdingredient_id_seq
    START WITH 1
    INCREMENT BY 1
    NO MINVALUE
    NO MAXVALUE
    CACHE 1
);


--
-- Name: meals_ingredient; Type: TABLE; Schema: public; Owner: postgres
--

CREATE TABLE public.meals_ingredient (
    id bigint NOT NULL,
    name character varying(255) NOT NULL,
    base_unit character varying(10) NOT NULL,
    portion_description character varying(100),
    icon character varying(100)
);


ALTER TABLE public.meals_ingredient OWNER TO postgres;

--
-- Name: meals_ingredient_id_seq; Type: SEQUENCE; Schema: public; Owner: postgres
--

ALTER TABLE public.meals_ingredient ALTER COLUMN id ADD GENERATED BY DEFAULT AS IDENTITY (
    SEQUENCE NAME public.meals_ingredient_id_seq
    START WITH 1
    INCREMENT BY 1
    NO MINVALUE
    NO MAXVALUE
    CACHE 1
);


--
-- Name: meals_ingredientmeasure; Type: TABLE; Schema: public; Owner: postgres
--

CREATE TABLE public.meals_ingredientmeasure (
    id bigint NOT NULL,
    unit_description character varying(10) NOT NULL,
    multiplier double precision NOT NULL,
    ingredient_id bigint NOT NULL
);


ALTER TABLE public.meals_ingredientmeasure OWNER TO postgres;

--
-- Name: meals_ingredientnutritiontoken; Type: TABLE; Schema: public; Owner: postgres
--

CREATE TABLE public.meals_ingredientnutritiontoken (
    id bigint NOT NULL,
    quantity numeric(5,2) NOT NULL,
    ingredient_id bigint NOT NULL,
    token_id bigint NOT NULL
);


ALTER TABLE public.meals_ingredientnutritiontoken OWNER TO postgres;

--
-- Name: meals_ingredientnutritiontoken_id_seq; Type: SEQUENCE; Schema: public; Owner: postgres
--

ALTER TABLE public.meals_ingredientnutritiontoken ALTER COLUMN id ADD GENERATED BY DEFAULT AS IDENTITY (
    SEQUENCE NAME public.meals_ingredientnutritiontoken_id_seq
    START WITH 1
    INCREMENT BY 1
    NO MINVALUE
    NO MAXVALUE
    CACHE 1
);


--
-- Name: meals_ingredientunitconversion_id_seq; Type: SEQUENCE; Schema: public; Owner: postgres
--

ALTER TABLE public.meals_ingredientmeasure ALTER COLUMN id ADD GENERATED BY DEFAULT AS IDENTITY (
    SEQUENCE NAME public.meals_ingredientunitconversion_id_seq
    START WITH 1
    INCREMENT BY 1
    NO MINVALUE
    NO MAXVALUE
    CACHE 1
);


--
-- Name: meals_meal; Type: TABLE; Schema: public; Owner: postgres
--

CREATE TABLE public.meals_meal (
    id bigint NOT NULL,
    name character varying(255) NOT NULL,
    description text NOT NULL,
    instructions text NOT NULL,
    serves integer NOT NULL,
    overnight_prep boolean NOT NULL,
    "time" integer NOT NULL,
    nuisance_factor double precision NOT NULL,
    image character varying(100),
    CONSTRAINT meals_recipe_serves_check CHECK ((serves >= 0)),
    CONSTRAINT meals_recipe_time_check CHECK (("time" >= 0))
);


ALTER TABLE public.meals_meal OWNER TO postgres;

--
-- Name: meals_mealingredient; Type: TABLE; Schema: public; Owner: postgres
--

CREATE TABLE public.meals_mealingredient (
    id bigint NOT NULL,
    quantidade_desc character varying(100) NOT NULL,
    unit_desc character varying(100) NOT NULL,
    u_quantity character varying(100) NOT NULL,
    u_desc character varying(100) NOT NULL,
    sub character varying(255),
    notas text,
    required boolean NOT NULL,
    ingredient_id bigint NOT NULL,
    meal_id bigint NOT NULL
);


ALTER TABLE public.meals_mealingredient OWNER TO postgres;

--
-- Name: meals_mealingredient_id_seq; Type: SEQUENCE; Schema: public; Owner: postgres
--

ALTER TABLE public.meals_mealingredient ALTER COLUMN id ADD GENERATED BY DEFAULT AS IDENTITY (
    SEQUENCE NAME public.meals_mealingredient_id_seq
    START WITH 1
    INCREMENT BY 1
    NO MINVALUE
    NO MAXVALUE
    CACHE 1
);


--
-- Name: meals_menu; Type: TABLE; Schema: public; Owner: postgres
--

CREATE TABLE public.meals_menu (
    id bigint NOT NULL,
    created_at timestamp with time zone NOT NULL,
    is_active boolean NOT NULL,
    household_id bigint NOT NULL
);


ALTER TABLE public.meals_menu OWNER TO postgres;

--
-- Name: meals_menu_id_seq; Type: SEQUENCE; Schema: public; Owner: postgres
--

ALTER TABLE public.meals_menu ALTER COLUMN id ADD GENERATED BY DEFAULT AS IDENTITY (
    SEQUENCE NAME public.meals_menu_id_seq
    START WITH 1
    INCREMENT BY 1
    NO MINVALUE
    NO MAXVALUE
    CACHE 1
);


--
-- Name: meals_menumeal; Type: TABLE; Schema: public; Owner: postgres
--

CREATE TABLE public.meals_menumeal (
    id bigint NOT NULL,
    state character varying(10) NOT NULL,
    state_updated_at timestamp with time zone NOT NULL,
    meal_id bigint NOT NULL,
    menu_id bigint NOT NULL,
    day_number integer NOT NULL,
    meal_type smallint NOT NULL,
    CONSTRAINT meals_menumeal_day_number_check CHECK ((day_number >= 0)),
    CONSTRAINT meals_menumeal_meal_type_check CHECK ((meal_type >= 0))
);


ALTER TABLE public.meals_menumeal OWNER TO postgres;

--
-- Name: meals_menumeal_id_seq; Type: SEQUENCE; Schema: public; Owner: postgres
--

ALTER TABLE public.meals_menumeal ALTER COLUMN id ADD GENERATED BY DEFAULT AS IDENTITY (
    SEQUENCE NAME public.meals_menumeal_id_seq
    START WITH 1
    INCREMENT BY 1
    NO MINVALUE
    NO MAXVALUE
    CACHE 1
);


--
-- Name: meals_nutritiontoken; Type: TABLE; Schema: public; Owner: postgres
--

CREATE TABLE public.meals_nutritiontoken (
    id bigint NOT NULL,
    name character varying(100) NOT NULL,
    description text NOT NULL
);


ALTER TABLE public.meals_nutritiontoken OWNER TO postgres;

--
-- Name: meals_nutritiontoken_id_seq; Type: SEQUENCE; Schema: public; Owner: postgres
--

ALTER TABLE public.meals_nutritiontoken ALTER COLUMN id ADD GENERATED BY DEFAULT AS IDENTITY (
    SEQUENCE NAME public.meals_nutritiontoken_id_seq
    START WITH 1
    INCREMENT BY 1
    NO MINVALUE
    NO MAXVALUE
    CACHE 1
);


--
-- Name: meals_recipe_id_seq; Type: SEQUENCE; Schema: public; Owner: postgres
--

ALTER TABLE public.meals_meal ALTER COLUMN id ADD GENERATED BY DEFAULT AS IDENTITY (
    SEQUENCE NAME public.meals_recipe_id_seq
    START WITH 1
    INCREMENT BY 1
    NO MINVALUE
    NO MAXVALUE
    CACHE 1
);


--
-- Data for Name: auth_group; Type: TABLE DATA; Schema: public; Owner: postgres
--

COPY public.auth_group (id, name) FROM stdin;
\.


--
-- Data for Name: auth_group_permissions; Type: TABLE DATA; Schema: public; Owner: postgres
--

COPY public.auth_group_permissions (id, group_id, permission_id) FROM stdin;
\.


--
-- Data for Name: auth_permission; Type: TABLE DATA; Schema: public; Owner: postgres
--

COPY public.auth_permission (id, name, content_type_id, codename) FROM stdin;
1	Can add log entry	1	add_logentry
2	Can change log entry	1	change_logentry
3	Can delete log entry	1	delete_logentry
4	Can view log entry	1	view_logentry
5	Can add permission	2	add_permission
6	Can change permission	2	change_permission
7	Can delete permission	2	delete_permission
8	Can view permission	2	view_permission
9	Can add group	3	add_group
10	Can change group	3	change_group
11	Can delete group	3	delete_group
12	Can view group	3	view_group
13	Can add user	4	add_user
14	Can change user	4	change_user
15	Can delete user	4	delete_user
16	Can view user	4	view_user
17	Can add content type	5	add_contenttype
18	Can change content type	5	change_contenttype
19	Can delete content type	5	delete_contenttype
20	Can view content type	5	view_contenttype
21	Can add session	6	add_session
22	Can change session	6	change_session
23	Can delete session	6	delete_session
24	Can view session	6	view_session
25	Can add recipe	7	add_recipe
26	Can change recipe	7	change_recipe
27	Can delete recipe	7	delete_recipe
28	Can view recipe	7	view_recipe
29	Can add ingredient	8	add_ingredient
30	Can change ingredient	8	change_ingredient
31	Can delete ingredient	8	delete_ingredient
32	Can view ingredient	8	view_ingredient
33	Can add meal ingredient	9	add_mealingredient
34	Can change meal ingredient	9	change_mealingredient
35	Can delete meal ingredient	9	delete_mealingredient
36	Can view meal ingredient	9	view_mealingredient
37	Can add meal	7	add_meal
38	Can change meal	7	change_meal
39	Can delete meal	7	delete_meal
40	Can view meal	7	view_meal
41	Can add ingredient unit conversion	10	add_ingredientunitconversion
42	Can change ingredient unit conversion	10	change_ingredientunitconversion
43	Can delete ingredient unit conversion	10	delete_ingredientunitconversion
44	Can view ingredient unit conversion	10	view_ingredientunitconversion
45	Can add ingredient measure	10	add_ingredientmeasure
46	Can change ingredient measure	10	change_ingredientmeasure
47	Can delete ingredient measure	10	delete_ingredientmeasure
48	Can view ingredient measure	10	view_ingredientmeasure
49	Can add ingredient nutrition token	11	add_ingredientnutritiontoken
50	Can change ingredient nutrition token	11	change_ingredientnutritiontoken
51	Can delete ingredient nutrition token	11	delete_ingredientnutritiontoken
52	Can view ingredient nutrition token	11	view_ingredientnutritiontoken
53	Can add nutrition token	12	add_nutritiontoken
54	Can change nutrition token	12	change_nutritiontoken
55	Can delete nutrition token	12	delete_nutritiontoken
56	Can view nutrition token	12	view_nutritiontoken
57	Can add household	13	add_household
58	Can change household	13	change_household
59	Can delete household	13	delete_household
60	Can view household	13	view_household
61	Can add household ingredient	14	add_householdingredient
62	Can change household ingredient	14	change_householdingredient
63	Can delete household ingredient	14	delete_householdingredient
64	Can view household ingredient	14	view_householdingredient
65	Can add menu meal	15	add_menumeal
66	Can change menu meal	15	change_menumeal
67	Can delete menu meal	15	delete_menumeal
68	Can view menu meal	15	view_menumeal
69	Can add menu	16	add_menu
70	Can change menu	16	change_menu
71	Can delete menu	16	delete_menu
72	Can view menu	16	view_menu
\.


--
-- Data for Name: auth_user; Type: TABLE DATA; Schema: public; Owner: postgres
--

COPY public.auth_user (id, password, last_login, is_superuser, username, first_name, last_name, email, is_staff, is_active, date_joined) FROM stdin;
\.


--
-- Data for Name: auth_user_groups; Type: TABLE DATA; Schema: public; Owner: postgres
--

COPY public.auth_user_groups (id, user_id, group_id) FROM stdin;
\.


--
-- Data for Name: auth_user_user_permissions; Type: TABLE DATA; Schema: public; Owner: postgres
--

COPY public.auth_user_user_permissions (id, user_id, permission_id) FROM stdin;
\.


--
-- Data for Name: django_admin_log; Type: TABLE DATA; Schema: public; Owner: postgres
--

COPY public.django_admin_log (id, action_time, object_id, object_repr, action_flag, change_message, content_type_id, user_id) FROM stdin;
\.


--
-- Data for Name: django_content_type; Type: TABLE DATA; Schema: public; Owner: postgres
--

COPY public.django_content_type (id, app_label, model) FROM stdin;
1	admin	logentry
2	auth	permission
3	auth	group
4	auth	user
5	contenttypes	contenttype
6	sessions	session
8	meals	ingredient
9	meals	mealingredient
7	meals	meal
10	meals	ingredientmeasure
11	meals	ingredientnutritiontoken
12	meals	nutritiontoken
13	meals	household
14	meals	householdingredient
15	meals	menumeal
16	meals	menu
\.


--
-- Data for Name: django_migrations; Type: TABLE DATA; Schema: public; Owner: postgres
--

COPY public.django_migrations (id, app, name, applied) FROM stdin;
1	contenttypes	0001_initial	2025-06-11 00:40:44.633833+01
2	auth	0001_initial	2025-06-11 00:40:44.672187+01
3	admin	0001_initial	2025-06-11 00:40:44.684494+01
4	admin	0002_logentry_remove_auto_add	2025-06-11 00:40:44.688929+01
5	admin	0003_logentry_add_action_flag_choices	2025-06-11 00:40:44.702276+01
6	contenttypes	0002_remove_content_type_name	2025-06-11 00:40:44.711114+01
7	auth	0002_alter_permission_name_max_length	2025-06-11 00:40:44.714665+01
8	auth	0003_alter_user_email_max_length	2025-06-11 00:40:44.718279+01
9	auth	0004_alter_user_username_opts	2025-06-11 00:40:44.721187+01
10	auth	0005_alter_user_last_login_null	2025-06-11 00:40:44.723716+01
11	auth	0006_require_contenttypes_0002	2025-06-11 00:40:44.724762+01
12	auth	0007_alter_validators_add_error_messages	2025-06-11 00:40:44.727771+01
13	auth	0008_alter_user_username_max_length	2025-06-11 00:40:44.737373+01
14	auth	0009_alter_user_last_name_max_length	2025-06-11 00:40:44.740885+01
15	auth	0010_alter_group_name_max_length	2025-06-11 00:40:44.743891+01
16	auth	0011_update_proxy_permissions	2025-06-11 00:40:44.747236+01
17	auth	0012_alter_user_first_name_max_length	2025-06-11 00:40:44.750747+01
18	meals	0001_initial	2025-06-11 00:40:44.755804+01
19	sessions	0001_initial	2025-06-11 00:40:44.761334+01
20	meals	0002_ingredient	2025-06-16 15:31:58.122266+01
21	meals	0003_mealingredient_recipe_ingredients	2025-06-16 16:21:28.578746+01
22	meals	0004_rename_recipe_meal	2025-06-17 01:23:18.487759+01
23	meals	0005_ingredient_base_unit_ingredientunitconversion	2025-06-27 22:46:56.445289+01
24	meals	0006_ingredient_portion_description	2025-06-27 22:53:56.996263+01
25	meals	0007_rename_ingredientunitconversion_ingredientmeasure	2025-06-27 23:06:18.940423+01
26	meals	0008_nutritiontoken_ingredientnutritiontoken	2025-07-05 17:32:13.918197+01
27	meals	0009_household_householdingredient	2025-08-19 18:30:20.05683+01
28	meals	0010_ingredient_icon	2025-09-07 01:21:01.507022+01
29	meals	0011_menu_menumeal	2025-09-13 14:58:06.800317+01
30	meals	0012_alter_menumeal_unique_together_menumeal_day_number_and_more	2025-09-13 15:13:30.755744+01
31	meals	0013_meal_image	2025-09-13 15:29:19.16677+01
\.


--
-- Data for Name: django_session; Type: TABLE DATA; Schema: public; Owner: postgres
--

COPY public.django_session (session_key, session_data, expire_date) FROM stdin;
\.


--
-- Data for Name: meals_household; Type: TABLE DATA; Schema: public; Owner: postgres
--

COPY public.meals_household (id, name) FROM stdin;
1	The OG HH
\.


--
-- Data for Name: meals_householdingredient; Type: TABLE DATA; Schema: public; Owner: postgres
--

COPY public.meals_householdingredient (id, status, household_id, ingredient_id) FROM stdin;
448	0	1	1
449	0	1	2
450	0	1	3
451	0	1	4
452	0	1	5
453	0	1	6
454	0	1	7
455	0	1	8
456	0	1	9
457	0	1	10
458	0	1	11
459	0	1	12
460	0	1	13
461	0	1	14
462	0	1	15
463	0	1	16
464	0	1	17
465	0	1	18
466	0	1	19
467	0	1	20
468	0	1	21
469	0	1	22
470	0	1	23
471	0	1	24
472	0	1	25
473	0	1	26
474	0	1	27
475	0	1	28
476	0	1	29
477	0	1	30
478	0	1	31
479	0	1	32
480	0	1	33
481	0	1	34
482	0	1	35
483	0	1	36
484	0	1	37
485	0	1	38
486	0	1	39
487	0	1	40
488	0	1	41
489	0	1	42
490	0	1	43
491	0	1	44
492	0	1	45
493	0	1	46
494	0	1	47
495	0	1	48
496	0	1	49
497	0	1	50
498	0	1	51
499	0	1	52
500	0	1	53
501	0	1	54
502	0	1	55
503	0	1	56
504	0	1	57
505	0	1	58
506	0	1	59
507	0	1	60
508	0	1	61
509	0	1	62
510	0	1	63
511	0	1	64
512	0	1	65
513	0	1	66
514	0	1	67
515	0	1	68
516	0	1	69
517	0	1	70
518	0	1	71
519	0	1	72
520	0	1	73
521	0	1	74
522	0	1	75
523	0	1	76
524	0	1	77
525	0	1	78
526	0	1	79
527	0	1	80
528	0	1	81
529	0	1	82
530	0	1	83
531	0	1	84
532	0	1	85
533	0	1	86
534	0	1	87
535	0	1	88
536	0	1	89
537	0	1	90
538	0	1	91
539	0	1	92
540	0	1	93
541	0	1	94
542	0	1	95
543	0	1	96
544	0	1	97
545	0	1	98
546	0	1	99
547	0	1	100
548	0	1	101
549	0	1	102
550	0	1	103
551	0	1	104
552	0	1	105
553	0	1	106
554	0	1	107
555	0	1	108
556	0	1	109
557	0	1	110
558	0	1	111
559	0	1	112
560	0	1	113
561	0	1	114
562	0	1	115
563	0	1	116
564	0	1	117
565	0	1	118
566	0	1	119
567	0	1	120
568	0	1	121
569	0	1	122
570	0	1	123
571	0	1	124
572	0	1	125
573	0	1	126
574	0	1	127
575	0	1	128
576	0	1	129
577	0	1	130
578	0	1	131
579	0	1	132
580	0	1	133
581	0	1	134
582	0	1	135
583	0	1	136
584	0	1	137
585	0	1	138
586	0	1	139
587	0	1	140
588	0	1	141
589	0	1	142
590	0	1	143
591	0	1	144
592	0	1	145
593	0	1	146
594	0	1	147
595	0	1	148
596	0	1	149
597	0	1	150
598	0	1	151
599	0	1	152
600	0	1	153
601	0	1	154
602	0	1	155
603	0	1	156
604	0	1	157
605	0	1	158
606	0	1	159
607	0	1	160
608	0	1	161
609	0	1	162
610	0	1	163
611	0	1	164
612	0	1	165
613	0	1	166
614	0	1	167
615	0	1	168
616	0	1	169
617	0	1	170
618	0	1	171
619	0	1	172
620	0	1	173
621	0	1	174
622	0	1	175
623	0	1	176
624	0	1	177
625	0	1	178
626	0	1	179
627	0	1	180
628	0	1	181
629	0	1	182
630	0	1	183
631	0	1	184
632	0	1	185
633	0	1	186
634	0	1	187
635	0	1	188
636	0	1	189
637	0	1	190
638	0	1	191
639	0	1	192
640	0	1	193
641	0	1	194
642	0	1	195
643	0	1	196
644	0	1	197
645	0	1	198
646	0	1	199
647	0	1	200
648	0	1	201
649	0	1	202
650	0	1	203
651	0	1	204
652	0	1	205
653	0	1	206
654	0	1	207
655	0	1	208
656	0	1	209
657	0	1	210
658	0	1	211
659	0	1	212
660	0	1	213
661	0	1	214
662	0	1	215
663	0	1	216
664	0	1	217
665	0	1	218
666	0	1	219
667	0	1	220
668	0	1	221
669	0	1	222
670	0	1	223
671	0	1	224
672	0	1	225
673	0	1	226
674	0	1	227
675	0	1	228
676	0	1	229
677	0	1	230
678	0	1	231
679	0	1	232
680	0	1	233
681	0	1	234
682	0	1	235
683	0	1	236
684	0	1	237
685	0	1	238
686	0	1	239
687	0	1	240
688	0	1	241
689	0	1	242
690	0	1	243
691	0	1	244
692	0	1	245
693	0	1	246
694	0	1	247
695	0	1	248
696	0	1	249
697	0	1	250
698	0	1	251
699	0	1	252
\.


--
-- Data for Name: meals_ingredient; Type: TABLE DATA; Schema: public; Owner: postgres
--

COPY public.meals_ingredient (id, name, base_unit, portion_description, icon) FROM stdin;
1	sal	g	\N	ingredient_icons/sal.png
2	carne picada (vaca)	g	\N	ingredient_icons/carne_picada_vaca.png
5	cebola amarela	g	140g	ingredient_icons/cebola_amarela.png
7	concentrado de tomate	g	\N	ingredient_icons/concentrado_de_tomate.png
11	passata	ml	\N	ingredient_icons/passata.png
15	alho (dentes)	g	\N	ingredient_icons/alho_dentes.png
17	pimento vermelho	g	150g	ingredient_icons/pimento_vermelho.png
21	pimenta cayena	g	\N	ingredient_icons/pimenta_cayena.png
23	cominho em pó	g	\N	ingredient_icons/cominho_em_po.png
26	cebola em pó	g	\N	ingredient_icons/cebola_em_po.png
29	chocolate negro	g	\N	ingredient_icons/chocolate_negro.png
32	salsa	g	\N	ingredient_icons/salsa.png
35	miso	g	\N	ingredient_icons/miso.png
37	konbu	g	quadrado pequeno	ingredient_icons/konbu.png
40	cogumelos shitake secos	g	\N	ingredient_icons/cogumelos_shitake_secos.png
43	caldo de frango	ml	\N	ingredient_icons/caldo_de_frango.png
45	molho de soja escuro	ml	\N	ingredient_icons/molho_de_soja_escuro.png
49	doubanjiang	g	\N	ingredient_icons/doubanjiang.png
52	vinho shaoxing	ml	\N	ingredient_icons/vinho_shaoxing.png
54	carne picada (porco)	g	\N	ingredient_icons/carne_picada_porco.png
57	bife de vaca	g	200g	ingredient_icons/bife_de_vaca.png
59	limão (sumo)	ml	\N	ingredient_icons/limao_sumo.png
62	couve de bruxelas	g	\N	ingredient_icons/couve_de_bruxelas.png
66	feijão preto	g	\N	ingredient_icons/feijao_preto.png
69	tomate cherry	g	\N	ingredient_icons/tomate_cherry.png
71	vinagre balsamico	ml	\N	ingredient_icons/vinagre_balsamico.png
74	vinagre de sushi	ml	\N	ingredient_icons/vinagre_de_sushi.png
77	queijo vache que ri	g	\N	ingredient_icons/queijo_vache_que_ri.png
80	beringela	g	250g	ingredient_icons/beringela.png
82	manteiga	g	\N	ingredient_icons/manteiga.png
85	sementes de coentros em pó	g	\N	ingredient_icons/sementes_de_coentros_em_po.png
87	pão artesanal	g	fatia de 80g	ingredient_icons/pao_artesanal.png
91	tomate para salada	g	120g	ingredient_icons/tomate_para_salada.png
94	peito de frango	g	200g	ingredient_icons/peito_de_frango.png
96	coxa de frango desossada	g	150g	ingredient_icons/coxa_de_frango_desossada.png
100	cravinho em pó	g	\N	ingredient_icons/cravinho_em_po.png
103	camarão	g	15g de corpo	ingredient_icons/camarao.png
105	choquinho (limpo)	g	100g	ingredient_icons/choquinho_limpo.png
110	vinho branco	ml	\N	ingredient_icons/vinho_branco.png
112	alcaparras	g	\N	ingredient_icons/alcaparras.png
115	esparguete	g	\N	ingredient_icons/esparguete.png
117	guanciale	g	\N	ingredient_icons/guanciale.png
119	vinagre de sidra	ml	\N	ingredient_icons/vinagre_de_sidra.png
121	pimento piquillo (conserva)	g	30g	ingredient_icons/pimento_piquillo_conserva.png
125	cebola rouxa	g	140g	ingredient_icons/cebola_rouxa.png
128	rebentos de soja	g	\N	ingredient_icons/rebentos_de_soja.png
131	manga	ml	\N	ingredient_icons/manga.png
133	arroz agulha	g	\N	ingredient_icons/arroz_agulha.png
171	malagueta verde	g	10g	ingredient_icons/malagueta_verde.png
174	menta	g	\N	ingredient_icons/menta.png
176	sementes de funcho	g	\N	ingredient_icons/sementes_de_funcho.png
178	feijão vermelho (cozido)	g	\N	ingredient_icons/feijao_vermelho_cozido.png
182	batata branca para fritar	g	220g	ingredient_icons/batata_branca_para_fritar.png
185	manjericão	g	\N	ingredient_icons/manjericao.png
187	parmesão	g	\N	ingredient_icons/parmesao.png
190	mozarela	g	\N	ingredient_icons/mozarela.png
192	penne rigate	g	\N	ingredient_icons/penne_rigate.png
194	açucar de palma	g	\N	ingredient_icons/acucar_de_palma.png
3	aipo	g	\N	ingredient_icons/aipo.png
4	cenoura	g	100g	ingredient_icons/cenoura.png
6	pancetta	g	\N	ingredient_icons/pancetta.png
8	vinho tinto	ml	\N	ingredient_icons/vinho_tinto.png
9	pimenta preta	g	\N	ingredient_icons/pimenta_preta.png
10	azeite	ml	\N	ingredient_icons/azeite.png
12	caldo de vegetais	ml	\N	ingredient_icons/caldo_de_vegetais.png
13	leite	ml	\N	ingredient_icons/leite.png
16	cebola	g	140g	ingredient_icons/cebola.png
14	tagliatele	g	dose de 120g	
18	polpa de tomate	ml	\N	ingredient_icons/polpa_de_tomate.png
19	caldo de vaca	ml	\N	ingredient_icons/caldo_de_vaca.png
20	açucar	g	\N	ingredient_icons/acucar.png
22	paprika	g	\N	ingredient_icons/paprika.png
24	paprika fumada	g	\N	ingredient_icons/paprika_fumada.png
25	alho em pó	g	\N	ingredient_icons/alho_em_po.png
27	oregãos	g	\N	ingredient_icons/oregaos.png
28	café em pó	g	\N	ingredient_icons/cafe_em_po.png
30	feijão Frade	g	\N	ingredient_icons/feijao_frade.png
31	atum (em lata)	g	\N	ingredient_icons/atum_em_lata.png
33	ovos	u	\N	ingredient_icons/ovos.png
34	ramen	g	\N	ingredient_icons/ramen.png
36	gochujang	g	\N	ingredient_icons/gochujang.png
38	sementes de sesamo	g	\N	ingredient_icons/sementes_de_sesamo.png
39	sake	ml	\N	ingredient_icons/sake.png
41	gengibre	g	50g	ingredient_icons/gengibre.png
42	cebolinha	g	\N	ingredient_icons/cebolinha.png
44	molho de soja	ml	\N	ingredient_icons/molho_de_soja.png
46	pimenta branca	g	\N	ingredient_icons/pimenta_branca.png
106	delicias de mar	g	\N	
47	nori	g	\N	ingredient_icons/nori.png
48	wakame	g	\N	ingredient_icons/wakame.png
50	pimentas sichuan	g	\N	ingredient_icons/pimentas_sichuan.png
51	tofu	g	\N	ingredient_icons/tofu.png
53	oleo vegetal	ml	\N	ingredient_icons/oleo_vegetal.png
55	amido de milho	g	\N	ingredient_icons/amido_de_milho.png
56	chillies secos	g	\N	ingredient_icons/chillies_secos.png
58	vinagre tinto	ml	\N	ingredient_icons/vinagre_tinto.png
60	piri piri fresco	g	\N	ingredient_icons/piri_piri_fresco.png
61	grão cozido	g	\N	ingredient_icons/grao_cozido.png
63	tahini	g	\N	ingredient_icons/tahini.png
64	sumac	g	\N	ingredient_icons/sumac.png
65	izote	g	\N	ingredient_icons/izote.png
67	abacate	g	\N	ingredient_icons/abacate.png
68	quinoa	g	\N	ingredient_icons/quinoa.png
70	coentros	g	\N	ingredient_icons/coentros.png
72	salmão	g	100g	ingredient_icons/salmao.png
73	arroz de sushi	g	\N	ingredient_icons/arroz_de_sushi.png
75	mimos de pescada	g	60g	ingredient_icons/mimos_de_pescada.png
76	sriracha	ml	\N	ingredient_icons/sriracha.png
78	cebolinho	g	\N	ingredient_icons/cebolinho.png
79	iogurte	g	\N	ingredient_icons/iogurte.png
81	pasta de pimentão	g	\N	ingredient_icons/pasta_de_pimentao.png
83	mel	g	\N	ingredient_icons/mel.png
84	tomate de cacho	g	125g	ingredient_icons/tomate_de_cacho.png
86	queijo feta	g	150g	ingredient_icons/queijo_feta.png
88	grão seco	g	\N	ingredient_icons/grao_seco.png
89	wraps	g	60g	ingredient_icons/wraps.png
90	alface	g	\N	ingredient_icons/alface.png
92	pepino	g	300g	ingredient_icons/pepino.png
93	dill	g	\N	ingredient_icons/dill.png
95	pitas	g	60g	ingredient_icons/pitas.png
97	curcuma em pó	g	\N	ingredient_icons/curcuma_em_po.png
98	pimenta da jamaica em pó	g	\N	ingredient_icons/pimenta_da_jamaica_em_po.png
99	cardamomo em pó	g	\N	ingredient_icons/cardamomo_em_po.png
101	pickles	g	65g	ingredient_icons/pickles.png
102	arroz carolino	g	\N	ingredient_icons/arroz_carolino.png
104	ameijoas	g	\N	ingredient_icons/ameijoas.png
107	msg	g	\N	ingredient_icons/msg.png
108	flocos de malagueta	g	\N	ingredient_icons/flocos_de_malagueta.png
109	chalota	g	30g	ingredient_icons/chalota.png
111	caldo de marisco	ml	\N	ingredient_icons/caldo_de_marisco.png
113	anchovas	g	5g	ingredient_icons/anchovas.png
114	azeitona preta	g	\N	ingredient_icons/azeitona_preta.png
116	pecorino	g	\N	ingredient_icons/pecorino.png
118	lentilhas verdes	g	\N	ingredient_icons/lentilhas_verdes.png
120	chipotle em pó	g	\N	ingredient_icons/chipotle_em_po.png
122	queijo para derreter	g	\N	ingredient_icons/queijo_para_derreter.png
123	tomate roma	g	60g	ingredient_icons/tomate_roma.png
124	lima (sumo)	ml	\N	ingredient_icons/lima_sumo.png
126	couve	g	1500g	ingredient_icons/couve.png
127	massa chinesa	g	\N	ingredient_icons/massa_chinesa.png
129	bambu	g	\N	ingredient_icons/bambu.png
130	molho de ostras	g	\N	ingredient_icons/molho_de_ostras.png
132	oleo de sesamo	ml	\N	ingredient_icons/oleo_de_sesamo.png
134	malagueta vermelha	g	\N	ingredient_icons/malagueta_vermelha.png
135	oleo de amendoin	ml	\N	
195	amendoin torrado	g	\N	
196	posta de robalo	u	\N	
197	massa de pho	g	\N	
198	ossos de vaca	g	\N	
199	carne de vaca	g	\N	
200	lulas	g	\N	
201	cerveja trapista	ml	\N	
202	mustarda dijon	g	\N	
203	pimenta rosa	g	\N	
204	pimenta verde	g	\N	
205	brandy	ml	\N	
206	pimentos ñora	g	\N	
207	folhas de lasanha	g	\N	
208	bechamel	ml	\N	
209	molho agridoce	ml	\N	
210	bok choi	g	\N	
211	pasta de sesamo chinesa	g	\N	
212	vinagre chinkiang	ml	\N	
213	chilli oil chines	ml	\N	
214	cogumelos shitake	g	\N	
215	pó de frango	g	\N	
216	wrappers de wonton	g	\N	
217	nuggets	g	\N	
218	gengibre de sushi	g	\N	
219	maionese kewpie	g	\N	
220	vinagre de arroz	ml	\N	
221	pão de forma	g	\N	
222	fiambre de peru fumado	g	\N	
223	ketchup	g	\N	
224	queijo gouda	g	\N	
225	mustarda amarela	g	\N	
226	vinagre branco	ml	\N	
227	hamburguer de vaca	g	\N	
228	natas	ml	\N	
229	ciabatta	g	\N	
230	salmão fumado	g	\N	
231	queijo crème	g	\N	
232	tomates sun dried	g	\N	
233	espinafres	g	\N	
234	gnochi	g	\N	
235	posta de bacalhau	g	200	
236	couve coração	g	\N	
237	batata palha	g	\N	
238	douradinhos	g	\N	
239	arroz jasmin	g	\N	
240	panko	g	\N	
241	queijo fundido	g	\N	
242	pão brioche	g	\N	
243	pimenta da jamaica	g	\N	
244	compal de pessego pequeno	ml	\N	
245	sopa de cebola	g	\N	
247	amendoas torradas	g	\N	
248	passas	g	\N	
249	lima sun dried	g	\N	
250	coxa de frango	g	\N	
251	melaço de romã	ml	\N	
252	romã	g	\N	
136	pasta de camarão	g	\N	ingredient_icons/pasta_de_camarao.png
137	kecap manis	ml	\N	ingredient_icons/kecap_manis.png
138	arroz basmati	g	\N	ingredient_icons/arroz_basmati.png
139	cebola frita	g	\N	ingredient_icons/cebola_frita.png
140	carne de vaca (estufar)	g	\N	ingredient_icons/carne_de_vaca_estufar.png
141	canela	g	5g	ingredient_icons/canela.png
142	cravinho	g	\N	ingredient_icons/cravinho.png
143	estrela de anis	g	\N	ingredient_icons/estrela_de_anis.png
144	cardamomo verde	g	\N	ingredient_icons/cardamomo_verde.png
145	erva principe	g	\N	ingredient_icons/erva_principe.png
146	leite de coco	ml	\N	ingredient_icons/leite_de_coco.png
147	polpa de tamarindo	g	\N	ingredient_icons/polpa_de_tamarindo.png
148	folhas de lima kaffir	g	\N	ingredient_icons/folhas_de_lima_kaffir.png
149	coco ralado	g	\N	ingredient_icons/coco_ralado.png
150	cogumelos marron	g	20g	ingredient_icons/cogumelos_marron.png
151	queijo cheddar	g	fatia de 20g	ingredient_icons/queijo_cheddar.png
152	farinha	g	\N	ingredient_icons/farinha.png
153	tomilho seco	g	\N	ingredient_icons/tomilho_seco.png
154	pão de hamburguer	g	80g	ingredient_icons/pao_de_hamburguer.png
155	maionese	g	\N	ingredient_icons/maionese.png
156	pão ralado	g	\N	ingredient_icons/pao_ralado.png
157	jalapeno	g	15g	ingredient_icons/jalapeno.png
158	tomate	g	\N	ingredient_icons/tomate.png
159	cebola branca	g	140g	ingredient_icons/cebola_branca.png
160	caril em pó	g	\N	ingredient_icons/caril_em_po.png
161	garam masala	g	\N	ingredient_icons/garam_masala.png
162	cardamomo preto	g	\N	ingredient_icons/cardamomo_preto.png
163	louro	g	\N	ingredient_icons/louro.png
164	kashmiri chilli em pó	g	\N	ingredient_icons/kashmiri_chilli_em_po.png
165	flocos de bonito	g	\N	ingredient_icons/flocos_de_bonito.png
166	teryaki	ml	\N	ingredient_icons/teryaki.png
167	sementes de papoila	g	\N	ingredient_icons/sementes_de_papoila.png
168	pasta de caril vermelho	g	\N	ingredient_icons/pasta_de_caril_vermelho.png
169	molho de peixe	ml	\N	ingredient_icons/molho_de_peixe.png
170	pernas de frango	g	120g	ingredient_icons/pernas_de_frango.png
172	cominhos	g	\N	ingredient_icons/cominhos.png
173	açafrão	g	\N	ingredient_icons/acafrao.png
175	sementes de coentros	g	\N	ingredient_icons/sementes_de_coentros.png
177	mandioca	g	\N	ingredient_icons/mandioca.png
179	noz moscada	g	\N	ingredient_icons/noz_moscada.png
180	alface iceberg	g	\N	ingredient_icons/alface_iceberg.png
181	milho	g	\N	ingredient_icons/milho.png
183	piri piri seco	g	\N	ingredient_icons/piri_piri_seco.png
184	baguette	g	500g	ingredient_icons/baguette.png
186	pinhão	g	\N	ingredient_icons/pinhao.png
188	fusili	g	\N	ingredient_icons/fusili.png
189	fermento de padeiro	g	\N	ingredient_icons/fermento_de_padeiro.png
191	polvo	g	\N	ingredient_icons/polvo.png
193	noodles de arroz (largos)	g	\N	ingredient_icons/noodles_de_arroz_largos.png
246	pimento verde	g	\N	ingredient_icons/pimento_verde.png
\.


--
-- Data for Name: meals_ingredientmeasure; Type: TABLE DATA; Schema: public; Owner: postgres
--

COPY public.meals_ingredientmeasure (id, unit_description, multiplier, ingredient_id) FROM stdin;
1736	qb	0	1
1737	g	0.01	2
1738	g	0.01	3
1739	g	0.01	4
1740	g	0.01	5
1741	g	0.01	6
1742	tbsp	0.14	7
1743	c	0.4	8
1744	qb	0	9
1745	tbsp	0.15	10
1746	g	0.01	11
1747	g	0.01	12
1748	ml	0.01	13
1749	u	1.2	14
1750	u	0.05	15
1751	u	1.4	16
1752	u	1.5	17
1753	g	0.01	18
1754	u	5	19
1755	tsp	0.03	20
1756	tsp	0.03	21
1757	tsp	0.15	22
1758	tsp	0.03	23
1759	tsp	0.03	24
1760	tsp	0.5	25
1761	tsp	0.07	26
1762	tsp	0.15	1
1763	tsp	0.2	27
1764	tsp	0.15	28
1765	u	0.1	29
1766	g	0.01	30
1767	g	0.01	31
1768	qb	0.03	32
1769	u	1	33
1770	u	0.9	34
1771	tbsp	0.16	35
1772	tbsp	0.03	36
1773	u	0.03	37
1774	tbsp	0.15	38
1775	tbsp	0.15	39
1776	u	0.03	40
1777	tsp	0.15	41
1778	u	0.15	42
1779	u	0.2	43
1780	tbsp	0.15	44
1781	tsp	0.05	45
1782	qb	0	46
1783	u	0.03	47
1784	u	0.03	48
1785	tbsp	0.15	49
1786	tbsp	0.05	50
1787	tbsp	0.15	52
1788	g	0.01	51
1789	tbsp	0.15	53
1790	g	0.01	54
1791	c	0.4	19
1792	tsp	0.05	44
1793	tbsp	0.07	55
1794	qb	0	56
1795	u	2	57
1796	tbsp	0.15	58
1797	tsp	0.05	59
1798	tbsp	0.04	32
1799	u	0.07	60
1800	g	0.01	61
1801	u	0.15	62
1802	tbsp	0.15	63
1803	u	0.5	59
1804	qb	0	10
1805	qb	0	64
1806	qb	0	65
1807	g	0.01	66
1808	u	1.5	67
1809	c	0.56	68
1810	u	0.15	69
1811	qb	0	70
1812	tbsp	0.15	71
1813	qb	0	27
1814	u	1	72
1815	c	0.5	73
1816	tbsp	0.15	74
1817	u	0.6	75
1818	qb	0	76
1819	u	0.2	77
1820	qb	0	78
1821	qb	0	44
1822	qb	0	47
1823	c	0.41	79
1824	u	2.5	80
1825	tbsp	0.15	81
1826	tbsp	0.15	82
1827	tbsp	0.07	22
1828	tbsp	0.07	24
1829	u	1.25	84
1830	tbsp	0.07	23
1831	tbsp	0.07	85
1832	u	1.5	86
1833	u	0.8	87
1834	c	0.5	88
1835	u	0.01	32
1836	g	0.01	70
1837	u	0.6	89
1838	u	6	90
1839	u	1.2	91
1840	tsp	0.02	64
1841	u	3	92
1842	tsp	0.01	93
1843	u	2	94
1844	u	1.5	96
1845	u	0.6	95
1846	tsp	0.05	7
1847	tsp	0.05	81
1848	tsp	0.02	97
1849	tsp	0.02	98
1850	tsp	0.02	99
1851	tsp	0.02	100
1852	u	0.65	101
1853	g	0.01	102
1854	u	0.15	103
1855	g	0.01	104
1856	u	1	105
1857	u	0.25	106
1858	tsp	0.02	107
1859	tsp	0.02	108
1860	u	0.3	109
1861	c	0.4	110
1862	ml	0.01	111
1863	u	0.05	113
1864	tbsp	0.11	112
1865	tbsp	0.05	114
1866	u	1	115
1867	g	0.01	116
1868	g	0.01	117
1869	g	0.01	84
1870	c	0.53	118
1871	u	1.4	5
1872	tbsp	0.15	119
1873	tbsp	0.07	120
1874	u	0.3	121
1875	qb	0	122
1876	u	0.6	123
1877	u	0.33	124
1878	u	1.4	125
1879	c	0.7	126
1880	u	1	4
1881	g	0.01	127
1882	c	0.91	128
1883	tbsp	0.05	129
1884	tsp	0.02	55
1885	tbsp	0.18	130
1886	tsp	0.05	132
1887	c	0.5	133
1888	tbsp	0.07	107
1889	u	0.5	41
1890	u	0.1	134
1891	tbsp	0.15	135
1892	tbsp	0.15	132
1893	c	0.53	138
1894	tsp	0.05	136
1895	tbsp	0.15	137
1896	qb	0	139
1897	g	0.01	140
1898	u	0	141
1899	u	0	142
1900	u	0	143
1901	u	0	144
1902	u	0.03	145
1903	c	0.4	146
1904	tsp	0.05	147
1905	u	0.01	148
1906	tbsp	0.07	149
1907	u	0.2	150
1908	c	0.89	151
1909	c	0.8	152
1910	tsp	0.01	153
1911	tsp	0.02	9
1912	u	0.8	154
1913	tbsp	0.14	155
1914	c	1	156
1915	u	0.15	157
1916	u	1.25	158
1917	u	1.4	159
1918	g	0.01	94
1919	tbsp	0.07	160
1920	g	0.01	146
1921	tsp	0.02	161
1922	tbsp	0.15	79
1923	u	0	162
1924	u	0	163
1925	tsp	0.02	85
1926	tsp	0.02	164
1927	c	0.12	165
1928	tbsp	0.05	48
1929	tbsp	0.15	166
1930	u	1500	126
1931	tsp	0.02	38
1932	c	0.43	155
1933	u	0.8	3
1934	u	0.2	151
1935	tsp	0.02	167
1936	tbsp	0.15	168
1937	ml	0.01	43
1938	tbsp	0.15	169
1939	tsp	0.02	160
1940	u	1.2	170
1941	tbsp	0.17	1
1942	u	0.1	171
1943	tbsp	0.05	139
1944	tbsp	0.05	172
1945	tsp	0.02	142
1946	g	0.01	13
1947	qb	0	173
1948	c	0.25	70
1949	c	0.25	174
1950	c	0.8	175
1951	tsp	0.02	176
1952	qb	0	179
1953	g	0.01	103
1954	g	0.01	177
1955	tsp	0.02	120
1956	tsp	0.03	15
1957	u	6	180
1958	c	0.61	181
1959	g	0.01	122
1960	u	2.2	182
1961	c	0.01	10
1962	u	0	183
1963	u	5	184
1964	qb	0	59
1965	g	0.01	185
1966	g	0.01	186
1967	g	0.01	187
1968	g	0.01	188
1969	g	0.01	152
1970	tbsp	0.13	20
1971	tbsp	0.07	189
1972	u	1.25	190
1973	g	0.01	138
1974	g	0.01	191
1975	g	0.01	87
1976	g	0.01	192
1977	tsp	0.01	165
1978	tbsp	0.15	13
1979	tbsp	0.05	175
1980	tbsp	0.05	153
1981	ml	0.01	10
1982	g	0.01	96
1983	g	0.01	193
1984	tbsp	0.15	194
1985	tbsp	0.15	147
1986	tbsp	0.11	45
1987	tbsp	0.4	195
1988	g	0.01	178
1989	u	1.2	196
1990	g	0.01	197
1991	g	0.01	198
1992	g	0.01	199
1993	g	0.01	175
1994	g	0.01	20
1995	ml	0.01	18
1996	tbsp	0.15	25
1997	tbsp	0.15	26
1998	u	0.85	31
1999	g	0.01	200
2000	ml	0.01	201
2001	tbsp	0.16	202
2002	tbsp	0.15	19
2003	tbsp	0.12	9
2004	tbsp	0.12	46
2005	tbsp	0.12	203
2006	tbsp	0.12	204
2007	tsp	0.05	202
2008	c	0.4	13
2009	c	0.4	205
2010	g	0.01	32
2011	u	0.08	206
2012	c	0.4	111
2013	g	0.01	207
2014	ml	0.01	208
2015	c	1.2	122
2016	u	0.3	185
2017	g	0.01	17
2018	c	1.22	55
2019	u	2.4	209
2020	u	1.8	210
2021	tsp	0.05	211
2022	tbsp	0.15	212
2023	tsp	0.02	50
2024	tsp	0.05	52
2025	u	0.12	214
2026	c	0.4	43
2027	tsp	0.02	215
2028	u	0.03	216
2029	tbsp	0.15	213
2030	u	0.22	217
2031	tsp	0.05	220
2032	tbsp	0.16	219
2033	qb	0	132
2034	tsp	0.05	76
2035	u	0.22	221
2036	tsp	0.05	82
2037	g	0.01	90
2038	g	0.01	222
2039	u	0.22	224
2040	tbsp	0.16	223
2041	tsp	0.05	225
2042	tsp	0.05	226
2043	u	1.2	227
2044	tbsp	0.15	161
2045	tbsp	0.06	41
2046	ml	0.01	228
2047	u	1	229
2048	u	0.18	230
2049	g	0.01	231
2050	g	0.01	232
2051	c	0.3	233
2052	c	0.9	187
2053	g	0.01	10
2054	g	0.01	234
2055	u	2	235
2056	g	0.01	236
2057	g	0.01	237
2058	u	0.28	238
2059	c	1.8	239
2060	g	0.01	75
2061	c	0.6	240
2062	qb	0	53
2063	u	0.2	241
2064	u	0.7	242
2065	tbsp	0.15	152
2066	g	0.01	155
2067	tsp	0.01	32
2068	tsp	0.03	112
2069	tbsp	0.15	59
2070	qb	0	110
2071	tbsp	0.16	225
2072	tsp	0.02	243
2073	tsp	0.02	172
2074	tsp	0.02	175
2075	tsp	0.02	65
2076	u	0.2	244
2077	u	0.5	245
2078	g	0.01	189
2079	u	1.4	246
2080	g	0.01	153
2081	tbsp	0.15	226
2082	u	0.3	70
2083	tbsp	0.12	247
2084	tbsp	0.1	248
2085	c	1.6	248
2086	u	0.1	249
2087	u	1.4	250
2088	qb	0	251
2089	u	2.1	252
2090	u	0.02	247
2091	tsp	0.03	141
2092	tbsp	0.1	232
2093	c	0.4	44
2094	c	0.4	226
\.


--
-- Data for Name: meals_ingredientnutritiontoken; Type: TABLE DATA; Schema: public; Owner: postgres
--

COPY public.meals_ingredientnutritiontoken (id, quantity, ingredient_id, token_id) FROM stdin;
1	1.00	3	5
2	1.00	4	5
3	1.00	5	5
4	5.50	7	5
5	1.00	11	5
6	1.00	15	5
7	1.00	16	5
8	1.00	17	5
9	1.00	18	5
10	0.10	27	5
11	1.00	30	6
12	1.00	31	3
13	1.00	32	5
14	0.50	35	6
15	0.20	36	5
16	0.10	36	6
17	10.00	37	5
18	1.00	40	5
19	1.00	41	5
20	1.00	42	5
21	10.00	47	5
22	10.00	48	5
23	0.30	49	5
24	0.50	49	6
25	4.50	56	5
26	1.00	60	5
27	1.00	61	6
28	1.00	62	5
29	1.00	66	6
30	1.00	69	5
31	1.00	70	5
32	1.00	72	3
33	1.00	75	3
34	1.00	78	5
35	1.00	80	5
36	1.00	81	5
37	1.00	84	5
38	1.00	88	6
39	1.00	90	5
40	1.00	91	5
41	1.00	92	5
42	1.00	93	5
43	1.00	101	5
44	1.00	103	4
45	1.00	104	4
46	1.00	105	4
47	1.00	106	4
48	1.00	109	5
49	1.00	112	5
50	1.00	113	3
51	1.00	114	5
52	1.00	118	6
53	1.00	121	5
54	1.00	123	5
55	1.00	125	5
56	1.00	126	5
57	1.00	128	5
58	1.00	129	5
59	1.00	134	5
60	0.80	136	4
61	0.50	139	5
62	1.00	145	5
63	1.00	148	5
64	1.00	150	5
65	1.00	153	5
66	1.00	157	5
67	1.00	158	5
68	1.00	159	5
69	1.00	171	5
70	1.00	174	5
71	1.00	178	6
72	1.00	180	5
73	1.00	181	5
74	1.00	185	5
75	1.00	191	4
76	1.00	196	3
77	1.00	200	4
78	1.00	206	5
79	1.00	214	5
80	1.00	230	3
81	1.00	232	5
82	1.00	233	5
83	1.00	235	3
84	1.00	236	5
85	0.90	238	3
86	0.50	245	5
87	1.00	246	5
\.


--
-- Data for Name: meals_meal; Type: TABLE DATA; Schema: public; Owner: postgres
--

COPY public.meals_meal (id, name, description, instructions, serves, overnight_prep, "time", nuisance_factor, image) FROM stdin;
34	Burritos	placeholder	placeholder	6	f	60	1	meal_images/burritos.jpg
37	Ameijoas à Bulhão Pato	placeholder	placeholder	2	f	60	1	meal_images/ameijoas_a_bulhao_pato.jpg
41	Açorda de Marisco	placeholder	placeholder	6	f	60	1	meal_images/acorda_de_marisco.jpg
48	Frango desfiado à LDB	placeholder	placeholder	6	f	60	1	meal_images/frango_desfiado_a_ldb.jpg
53	Paella de Marisco	placeholder	placeholder	4	f	60	1	meal_images/paella_de_marisco.jpg
57	Esparguete alle Vongole	placeholder	placeholder	2	f	60	1	meal_images/esparguete_alle_vongole.jpg
61	Chop Suey	placeholder	placeholder	4	f	60	1	meal_images/chop_suey.jpg
64	Turkey Club Sandwich	placeholder	placeholder	2	f	60	1	meal_images/turkey_club_sandwich.jpg
69	Peitos de Frango Compal e Sopa de Cebola	placeholder	placeholder	2	f	60	1	meal_images/peitos_de_frango_compal_e_sopa_de_cebola.jpg
18	Vegetarian Crunchwraps	placeholder	placeholder	8	f	60	1	meal_images/vegetarian_crunchwraps.jpg
23	Hamburgueres de Cogumelos	placeholder	placeholder	4	f	60	1	meal_images/hamburgueres_de_cogumelos.jpg
29	Laksa	placeholder	placeholder	2	f	60	1	meal_images/laksa.jpg
7	Bowl de Hummus e Atum	placeholder	placeholder	3	f	60	1	meal_images/bowl_de_hummus_e_atum.jpg
8	Quinoa Bowls	placeholder	placeholder	2	f	60	1	meal_images/quinoa_bowls.jpg
9	Sushi Bowls	placeholder	placeholder	2	f	60	1	meal_images/sushi_bowls.jpg
3	Salada de Atum	placeholder	placeholder	4	f	60	1	meal_images/salada_de_atum.jpg
10	Alinazik Kebab	placeholder	placeholder	6	f	60	1	meal_images/alinazik_kebab.jpg
11	Shakshuka	placeholder	placeholder	4	f	60	1	meal_images/shakshuka.jpg
12	Falafel Wraps com Tatziki	placeholder	placeholder	4	t	60	1	meal_images/falafel_wraps_com_tatziki.jpg
13	Pita Shawarma	placeholder	placeholder	4	f	60	1	meal_images/pita_shawarma.jpg
14	Arroz de Marisco	placeholder	placeholder	8	f	60	1	meal_images/arroz_de_marisco.jpg
46	Robalo Grelhado	placeholder	placeholder	2	f	60	1	meal_images/robalo_grelhado.jpg
16	Esparguete a la Carbonara	placeholder	placeholder	4	f	60	1	meal_images/esparguete_a_la_carbonara.jpg
17	Esparguete Amatriciana	placeholder	placeholder	4	f	60	1	meal_images/esparguete_amatriciana.jpg
20	Arroz Frito	placeholder	placeholder	3	f	60	1	meal_images/arroz_frito.jpg
21	Nasi Goreng	placeholder	placeholder	3	f	60	1	meal_images/nasi_goreng.jpg
22	Rendang de Vaca	placeholder	placeholder	4	f	60	1	meal_images/rendang_de_vaca.jpg
24	Wraps de Kebabs	placeholder	placeholder	4	f	60	1	meal_images/wraps_de_kebabs.jpg
25	Caril de Frango Simples	placeholder	placeholder	6	f	60	1	meal_images/caril_de_frango_simples.jpg
26	Beef Bhuna	placeholder	placeholder	4	f	60	1	meal_images/beef_bhuna.jpg
27	Combo Japonês	placeholder	placeholder	4	f	60	1	meal_images/combo_japones.jpg
28	Tuna Melts	placeholder	placeholder	4	f	60	1	meal_images/tuna_melts.jpg
30	Butter Chicken	placeholder	placeholder	4	f	60	1	meal_images/butter_chicken.jpg
31	Chicken Biryani	placeholder	placeholder	6	t	60	1	meal_images/chicken_biryani.jpg
32	Bóbó de Camarão	placeholder	placeholder	8	f	60	1	meal_images/bobo_de_camarao.jpg
33	Fajitas	placeholder	placeholder	4	f	60	1	meal_images/fajitas.jpg
35	Tortilla de Patata	placeholder	placeholder	3	f	60	1	meal_images/tortilla_de_patata.jpg
36	Gambas al Ajillo	placeholder	placeholder	2	f	60	1	meal_images/gambas_al_ajillo.jpg
38	Esparguete al Pesto	placeholder	placeholder	2	f	60	1	meal_images/esparguete_al_pesto.jpg
39	Pizza Marguerita	placeholder	placeholder	4	f	60	1	meal_images/pizza_marguerita.jpg
40	Arroz de Polvo	placeholder	placeholder	5	f	60	1	meal_images/arroz_de_polvo.jpg
42	Three Fishy Pasta	placeholder	placeholder	3	f	60	1	meal_images/three_fishy_pasta.jpg
43	Gyros	placeholder	placeholder	3	f	60	1	meal_images/gyros.jpg
44	Pad Thai	placeholder	placeholder	2	f	60	1	meal_images/pad_thai.jpg
45	Chicken Adobo	placeholder	placeholder	4	f	60	1	meal_images/chicken_adobo.jpg
47	Pho	placeholder	placeholder	6	f	60	1	meal_images/pho.jpg
49	Massa de Atum	placeholder	placeholder	4	f	60	1	meal_images/massa_de_atum.jpg
50	Bife Grelhado	placeholder	placeholder	2	f	60	1	meal_images/bife_grelhado.jpg
51	Lulas Grelhadas	placeholder	placeholder	2	f	60	1	meal_images/lulas_grelhadas.jpg
52	Beef Carbonnade	placeholder	placeholder	4	f	60	1	meal_images/beef_carbonnade.jpg
54	Bife au Poivre	placeholder	placeholder	2	f	60	1	meal_images/bife_au_poivre.jpg
55	Pizza de Atum	placeholder	placeholder	4	f	60	1	meal_images/pizza_de_atum.jpg
56	Lasanha Bolonhesa	placeholder	placeholder	6	f	60	1	meal_images/lasanha_bolonhesa.jpg
58	Massa com molho de tomate e pimento	placeholder	placeholder	4	f	60	1	meal_images/massa_com_molho_de_tomate_e_pimento.jpg
59	Frango Agridoce (cheat version)	placeholder	placeholder	4	f	60	1	meal_images/frango_agridoce_cheat_version.jpg
60	Dan Dan Noodles	placeholder	placeholder	2	f	60	1	meal_images/dan_dan_noodles.jpg
62	Siu Mai	placeholder	placeholder	4	f	60	1	meal_images/siu_mai.jpg
63	Karagee Don (cheat version)	placeholder	placeholder	2	f	60	1	meal_images/karagee_don_cheat_version.jpg
65	Homemade Big Mac	placeholder	placeholder	2	f	60	1	meal_images/homemade_big_mac.jpg
66	Tikka Masala	placeholder	placeholder	4	f	60	1	meal_images/tikka_masala.jpg
68	Frango à Tuscana	placeholder	placeholder	2	f	60	1	meal_images/frango_a_tuscana.jpg
1	Esparguete à Bolonhesa	placeholder	placeholder	8	f	60	1	meal_images/esparguete_a_bolonhesa.jpg
2	Chili com Carne	placeholder	placeholder	8	f	60	1	meal_images/chili_com_carne.jpg
4	Veggie Ramen	placeholder	placeholder	2	f	60	1	meal_images/veggie_ramen.jpg
5	Mapo Tofu	placeholder	placeholder	6	f	60	1	meal_images/mapo_tofu.jpg
15	Esparguete Putanesca	placeholder	placeholder	4	f	60	1	meal_images/esparguete_putanesca.jpg
19	Chow mein 	placeholder	placeholder	3	f	60	1	meal_images/chow_mein.jpg
6	Bife com Chimichurri	placeholder	placeholder	2	f	60	1	meal_images/bife_com_chimichurri.jpg
67	Sandes de Salmão Fumado 	placeholder	placeholder	2	f	60	1	meal_images/sandes_de_salmao_fumado.jpg
73	Douradinhos com Arroz de Tomate	placeholder	placeholder	4	f	60	1	meal_images/douradinhos_com_arroz_de_tomate.jpg
74	McFish caseiro	placeholder	placeholder	4	f	60	1	meal_images/mcfish_caseiro.jpg
75	Bitoque	placeholder	placeholder	2	f	60	1	meal_images/bitoque.jpg
76	Arayes	placeholder	placeholder	2	f	60	1	meal_images/arayes.jpg
77	Lahmacun	placeholder	placeholder	4	f	60	1	meal_images/lahmacun.jpg
78	Mujaddara	placeholder	placeholder	8	f	60	1	meal_images/mujaddara.jpg
79	Frango Bukhari	placeholder	placeholder	8	f	60	1	meal_images/frango_bukhari.jpg
80	Fatteh Eggplant Salad	placeholder	placeholder	2	f	60	1	meal_images/fatteh_eggplant_salad.jpg
82	Sandes Caprese	placeholder	placeholder	2	f	60	1	meal_images/sandes_caprese.jpg
81	Baba Ghanoush chicken shawarma bowl	placeholder	placeholder	2	f	60	1	meal_images/baba_ghanoush_chicken_shawarma_bowl.jpg
70	Gnochi com Marinara	placeholder	placeholder	4	f	60	1	meal_images/gnochi_com_marinara.jpg
71	Bacalhau Cozido com grão e ovo	placeholder	placeholder	2	f	60	1	meal_images/bacalhau_cozido_com_grao_e_ovo.jpg
72	Bacalhau à Bráz	placeholder	placeholder	2	f	60	1	meal_images/bacalhau_a_braz.jpg
\.


--
-- Data for Name: meals_mealingredient; Type: TABLE DATA; Schema: public; Owner: postgres
--

COPY public.meals_mealingredient (id, quantidade_desc, unit_desc, u_quantity, u_desc, sub, notas, required, ingredient_id, meal_id) FROM stdin;
4887	1	qb	1	qb			t	1	1
4888	400	g	400	g			t	2	1
4889	60	g	60	g			t	3	1
4890	60	g	60	g			t	4	1
4891	60	g	60	g			t	5	1
4892	150	g	150	g	Bacon		t	6	1
4893	1	colher de sopa	1	tbsp			t	7	1
4894	1	copo	1	c			t	8	1
4895	1	qb	1	qb			t	9	1
4896	3	colher de sopa	3	tbsp			t	10	1
4897	200	g	200	g	eu gosto de substituir por 3 ou 4 tomates frescos passados num blender		t	11	1
4898	200	g	200	g			t	12	1
4899	100	ml	100	ml			t	13	1
4900	8	doses	8	u	Outra massa		t	14	1
4901	1	colher de sopa	1	tbsp			t	10	2
4902	3	dentes	3	U			t	15	2
4903	1	unidades	1	U			t	16	2
4904	1	unidades	1	U			t	17	2
4905	500	g	500	g			t	2	2
4906	3	colher de sopa	3	tbsp			t	7	2
4907	800	g	800	g			t	18	2
4908	2	cubos	2	U			t	19	2
4909	1.5	tsp	1.5	tsp			t	20	2
4910	2	tsp	2	tsp		Ajustar o picante a gosto	t	21	2
4911	3	tsp	3	tsp			t	22	2
4912	5	tsp	5	tsp			t	23	2
4913	4	tsp	4	tsp			t	24	2
4914	2	tsp	2	tsp			t	25	2
4915	2	tsp	2	tsp			t	26	2
4916	1.5	tsp	1.5	tsp			t	1	2
4917	2	tsp	2	tsp			t	27	2
4918	1	tsp	1	tsp			t	28	2
4919	2	quadrados	2	U			t	29	2
4920	1	qb	1	qb			t	1	3
4921	470	g	470	g			t	30	3
4922	170	g	2	g			t	31	3
4923	1	qb	1	qb			t	32	3
4924	3	unidades	3	U			t	33	3
4925	0.5	unidades	0.5	U			t	16	3
4926	2	unidades	2	U			t	34	4
4927	2	unidades	2	U			t	33	4
4928	2	colher de sopa	2	tbsp			t	35	4
4929	1.5	colher de sopa	1.5	tbsp		Ajustar picante a gosto	t	36	4
4930	1	pedaços	1	U			t	37	4
4931	2	colher de sopa	2	tbsp			t	38	4
4932	1	colher de sopa	1	tbsp			t	39	4
4933	4	unidades	4	U		Sim, tem mesmo de ser secos	t	40	4
4934	1.5	tsp	1.5	tsp			t	41	4
4935	3	dentes	3	U			t	15	4
4936	2	unidades	2	U			t	42	4
4937	1	cubos	1	U			t	43	4
4938	2	colher de sopa	2	tbsp			t	44	4
4939	1	tsp	1	tsp			t	45	4
4940	1	qb	1	qb			t	46	4
4941	1	folha	1	U			t	47	4
4942	4	pedaços	4	U			t	48	4
4943	2.5	colher de sopa	2.5	tbsp			t	49	5
4944	2	colher de sopa	2	tbsp			t	50	5
4945	1	colher de sopa	1	tbsp		Tradicionalmente, usa-se feijao preto fermentando -  Dou Chi	t	35	5
4946	2	colher de sopa	2	tbsp			t	52	5
4947	500	g	500	g		De preferencia versão mais suave	t	51	5
4948	0.5	tsp	0.5	tsp			t	1	5
4949	3	colher de sopa	3	tbsp			t	53	5
4950	300	g	300	g			t	54	5
4951	4	unidades	4	U			t	42	5
4952	5	dentes	5	U			t	15	5
4953	1	tsp	1	tsp			t	22	5
4954	1.5	tsp	1.5	tsp			t	41	5
4955	2	tsp	2	tsp			t	20	5
4956	1.5	canecas	1.5	c			t	19	5
4957	3	tsp	3	tsp			t	44	5
4958	0.5	tsp	0.5	tsp			t	45	5
4959	1	colher de sopa	1	tbsp			t	55	5
4960	1	qb	1	qb		Eu não acrescento. O doubanjiang já é picante. Sugiro rectificar o picante no fim depois de provar com pó de piri piri ou outro picante	t	56	5
4961	2	unidades	2	U			t	57	6
4962	5	colher de sopa	5	tbsp			t	10	6
4963	1	colher de sopa	1	tbsp			t	58	6
4964	1	tsp	1	tsp			t	59	6
4965	1.5	colher de sopa	1.5	tbsp			t	32	6
4966	2	dentes	2	U			t	15	6
4967	1	unidades	1	U	Outra malagueta fresca	Ajustar a picante a gosto	t	60	6
4968	1	tsp	1	tsp			t	27	6
4969	1	qb	1	qb			t	9	6
4970	0.5	tsp	0.5	tsp			t	22	6
4971	1	lata grande	1	g			t	61	7
4972	3	latas	3	g			t	31	7
4973	15	unidades	15	U	Broculo ou outros legumes (de preferencia cruciveros)	Depende do tamanho das couves. Incluir visto que são saudaveis mas a gosto	t	62	7
4974	3	unidades	3	U			t	33	7
4975	1.5	colher de sopa	1.5	tbsp		Por a gosto no hummus	t	63	7
4976	1	qb	1	qb			t	1	7
4977	0.5	unidades	0.5	U		Por a gosto no hummus	t	59	7
4978	1	dentes	1	U			t	15	7
4979	1	qb	1	qb		Por a gosto no hummus e depois por cima no produto final	t	10	7
4980	1	qb	1	qb		Sprinkle por cima do produto final	f	64	7
4981	1	qb	1	qb		Sprinkle por cima do produto final	f	65	7
4982	1	lata pequena	1	g			t	66	8
4983	1	unidades	1	U			t	67	8
4984	1	canecas	1	c			t	68	8
4985	2	unidades	2	U			t	33	8
4986	8	unidades	8	U			t	69	8
4987	1	qb	1	qb			t	70	8
4988	3	colher de sopa	3	tbsp			t	10	8
4989	1	colher de sopa	1	tbsp			t	71	8
4990	1	qb	1	qb			t	1	8
4991	1	qb	1	qb			t	9	8
4992	1	qb	1	qb			t	27	8
4993	2	lombos	2	U		de preferencia sem espinhas	t	72	9
4994	1	canecas	1	c			t	73	9
4995	3	colher de sopa	3	tbsp			t	74	9
4996	1	medalhões	1	U		de preferencia sem espinhas	t	75	9
4997	1	qb	1	qb			t	76	9
4998	2	unidades	2	U			t	77	9
4999	1	qb	1	qb			t	78	9
5000	1	qb	1	qb			t	44	9
5001	1	qb	1	qb			t	47	9
5002	2	colher de sopa	2	tbsp	podem usar qualquer uma das cores mas mistura das duas é mais visual		t	38	9
5003	1	pedaços	1	U			t	37	9
5004	1	unidades	1	U			t	67	9
5005	400	g	400	g	pequenos cubos de carne de vaca		t	2	10
5006	2	dentes	2	U			t	15	10
5007	3	colher de sopa	3	tbsp			t	10	10
5008	0.75	canecas	0.75	c			t	79	10
5009	1	qb	1	qb			t	1	10
5010	1	qb	1	qb			t	9	10
5011	1	colher de sopa	1	tbsp			t	7	10
5012	4	unidades	4	U			t	80	10
5013	1	qb	1	qb			f	32	10
5014	1	colher de sopa	1	tbsp			t	81	10
5015	2	colher de sopa	2	tbsp			t	82	10
5016	1	colher de sopa	1	tbsp			t	22	10
5017	1	colher de sopa	1	tbsp			t	24	10
5018	1	unidades	1	U		assado com as beringelas. Retirar pele, cortar em tiras e servir	t	17	10
5019	5	unidades	5	U			t	84	11
5020	2	unidades	2	U	1 se for muito grande		t	17	11
5021	1	unidades	1	U			t	16	11
5022	5	dentes	5	U			t	15	11
5023	2	colher de sopa	2	tbsp			t	22	11
5024	2	colher de sopa	2	tbsp			t	24	11
5025	3	colher de sopa	3	tbsp			t	23	11
5026	1.5	colher de sopa	1.5	tbsp			t	85	11
5027	1	qb	1	qb			f	70	11
5028	0.5	unidades	0.5	U			f	86	11
5029	4	fatias	4	U	o tipo não interessa desde que não seja pão de forma e seja bom para torradas		t	87	11
5030	1	colher de sopa	1	tbsp			t	7	11
5031	2	colher de sopa	2	tbsp			t	10	11
5032	1	qb	1	qb			t	1	11
5033	1	qb	1	qb			t	9	11
5034	6	unidades	6	U			t	33	11
5035	1	canecas	1	c	não se pode substituir por grão cozido!!		t	88	12
5036	1	unidades	1	U			t	16	12
5037	3	dentes	3	U			t	15	12
5038	1	qb	1	qb			t	1	12
5039	1	colher de sopa	1	tbsp			t	85	12
5040	1	colher de sopa	1	tbsp			t	23	12
5041	0.5	molhos	0.5	u			t	32	12
5042	0.5	molhos	0.5	g			t	70	12
5043	4	unidades	4	U			t	89	12
5044	0.5	unidades	0.5	U			t	90	12
5045	0.5	unidades	0.5	U			t	91	12
5046	1	tsp	1	tsp			f	64	12
5047	0.5	unidades	0.5	U	Metade desta quantidade para molho, metade para salada		t	92	12
5048	0.5	canecas	0.5	c			t	79	12
5049	0.5	unidades	0.5	U			t	59	12
5050	1.5	tsp	1.5	tsp			t	93	12
5051	1	colher de sopa	1	tbsp			t	10	12
5052	0.5	unidades	0.5	U			f	86	12
5053	1	unidades	1	U			t	94	13
5054	1	unidades	1	U	peito de frango		t	96	13
5055	4	unidades	4	U			t	95	13
5056	1	unidades	1	U			t	59	13
5057	0.75	canecas	0.75	c			t	79	13
5058	2	tsp	2	tsp			t	7	13
5059	2	tsp	2	tsp			t	81	13
5060	2	tsp	2	tsp			t	25	13
5061	1	tsp	1	tsp			f	97	13
5062	1	colher de sopa	1	tbsp			t	24	13
5063	1	tsp	1	tsp			f	98	13
5064	1	tsp	1	tsp			t	26	13
5065	1	tsp	1	tsp			t	99	13
5066	0.5	tsp	0.5	tsp			f	100	13
5067	3	tsp	3	tsp			t	1	13
5068	1	tsp	1	tsp			t	64	13
5069	0.25	unidades	0.25	U			t	16	13
5070	2	unidades	2	U	Pode substituir por cornichons mas pôr mais unidades		t	101	13
5071	1	dentes	1	U			t	15	13
5072	0.5	unidades	0.5	U			t	90	13
5073	0.5	unidades	0.5	U			t	91	13
5074	0.5	unidades	0.5	U		Metade desta quantidade para molho, metade para salada	t	92	13
5075	1.5	tsp	1.5	tsp			t	93	13
5076	1	colher de sopa	1	tbsp			t	10	13
5077	400	g	400	g	não se pode substituir por arroz agulha ou basmati! Quanto muito arroz bomba ou risotto mas ainda não testei		t	102	14
5078	10	unidades	10	U			t	103	14
5079	400	g	400	g			t	104	14
5080	3	unidades	3	U	lulas		t	105	14
5081	8	unidades	8	U			t	106	14
5082	2	unidades	2	U			t	84	14
5083	2	colher de sopa	2	tbsp			t	7	14
5084	1.5	tsp	1.5	tsp			f	107	14
5085	0.5	tsp	0.5	tsp		não por mais! Não é suposto ser picante	t	108	14
5086	0.5	molhos	0.5	u			f	32	14
5087	0.5	molhos	0.5	g			f	70	14
5088	1	unidades	1	U			t	16	14
5089	1	unidades	1	U			f	109	14
5090	1	qb	1	qb			t	1	14
5091	4	dentes	4	U			t	15	14
5092	1	qb	1	qb			f	9	14
5093	0.5	copo	0.5	c			f	110	14
5094	1.2	litro	1.2	ML	pode substituir por agua com sal ou caldo de peixe		t	111	14
5095	1	folha	1	U			f	47	14
5096	4	unidades	4	U			f	48	14
5097	1	pedaços	1	U			f	37	14
5098	8	filetes	8	U			t	113	15
5099	2	colher de sopa	2	tbsp			t	112	15
5100	3	dentes	3	U			t	15	15
5101	1	tsp	1	tsp			t	27	15
5102	0.5	colher de sopa	0.5	tbsp			t	7	15
5103	4	unidades	4	U			t	84	15
5104	1.5	colher de sopa	1.5	tbsp		de prefencia em rodelas sem caroço	t	114	15
5105	4	doses	4	u	outra massa		t	115	15
5106	1	qb	1	qb		por pouco - as anchovas são salgadas	t	1	15
5107	4	doses	4	u			t	115	16
5108	6	unidades	6	U			t	33	16
5109	75	g	75	g			t	116	16
5110	150	g	150	g	bacon ou panceta - não tradicional mas não deixa ser bom. Nem tudo tem de ser como os gurus dizem		t	117	16
5111	1	qb	1	qb			t	9	16
5112	1	qb	1	qb			t	1	16
5113	4	doses	4	u	outra massa		t	115	17
5114	50	g	50	g	parmesão		t	116	17
5115	150	g	150	g	bacon ou panceta - não tradicional mas não deixa ser bom. Nem tudo tem de ser como os gurus dizem		t	117	17
5116	400	g	400	g			t	84	17
5117	1	qb	1	qb			t	9	17
5118	1	unidades	1	U	flocos de malagueta secos ou um pepperoncino seco		t	60	17
5119	0.25	copo	0.25	c			t	110	17
5120	1	qb	1	qb		pôr pouco se a carne tiver pouca gordura. Se usar guanciale NÃO usar azeite - já é muito gordurento	t	10	17
5121	1	canecas	1	c			t	118	18
5122	1	colher de sopa	1	tbsp			t	10	18
5123	1	unidades	1	U	outra cebola serve		t	5	18
5124	4	dentes	4	U			t	15	18
5125	1.5	colher de sopa	1.5	tbsp	talvez lima? Ainda não testei		t	119	18
5126	3	colher de sopa	3	tbsp			t	7	18
5127	1	colher de sopa	1	tbsp	chipotle demolhado ou paprika fumada + piri piri em pó		t	120	18
5128	1.5	colher de sopa	1.5	tbsp			t	23	18
5129	0.75	colher de sopa	0.75	tbsp			t	85	18
5130	2	colher de sopa	2	tbsp			t	24	18
5131	2	qb	2	qb			t	1	18
5132	1	unidades	1	U			t	17	18
5133	1	unidades	1	U			t	121	18
5134	1	qb	1	qb			t	9	18
5135	8	unidades	8	U			t	89	18
5136	8	qb	8	qb	qualquer queijo serve desde que derreta bem. Já testei com mozarela, queijo da ilha e cheddar		t	122	18
5137	3	unidades	3	U			t	67	18
5138	2	unidades	2	U			t	123	18
5139	1	unidades	1	U			t	124	18
5140	1	dentes	1	U			t	15	18
5141	0.25	unidades	0.25	U	outra cebola serve		t	125	18
5142	0.33	molhos	0.33	g			t	70	18
5143	4	canecas	4	c		em juliana, diminui muito enquanto cozinha	t	126	19
5144	1	unidades	1	U			t	4	19
5145	2	unidades	2	U			t	15	19
5146	200	g	200	g	ramen instantaneo		t	127	19
5147	1	canecas	1	c			f	128	19
5148	3	unidades	3	U			t	42	19
5149	1.5	colher de sopa	1.5	tbsp			f	129	19
5150	2	tsp	2	tsp			t	55	19
5151	1.5	colher de sopa	1.5	tbsp			t	44	19
5152	1.5	colher de sopa	1.5	tbsp			t	130	19
5153	1	tsp	1	tsp			f	45	19
5154	1.5	colher de sopa	1.5	tbsp	mirin. Em ultimo caso sake		t	52	19
5155	2	tsp	2	tsp	se usar mirin, diminuir só para um. O mirin e mais doce		t	20	19
5156	0.5	tsp	0.5	tsp			t	132	19
5157	1	qb	1	qb			t	46	19
5158	4	unidades	4	U			t	33	19
5159	4	unidades	4	U	coxa de frango fatiada ou qualquer outra carne/marisco		t	103	19
5160	1	canecas	1	c	basmati e jasmin tambem funcionam, só não usar grão curto como risotto, sushi ou carolino		t	133	20
5161	6	unidades	6	U			t	33	20
5162	2	unidades	2	U			t	109	20
5163	8	dentes	8	U			t	15	20
5164	3	unidades	3	U			t	42	20
5165	1	colher de sopa	1	tbsp			t	107	20
5166	1	cubos	1	U			f	43	20
5167	2	polegar	2	U			t	41	20
5168	1	unidades	1	U			t	134	20
5169	2	colher de sopa	2	tbsp	oleo vegetal é OK		t	135	20
5170	1	colher de sopa	1	tbsp			f	132	20
5171	1	canecas	1	c	jasmin ou agulha	pessoalmente gosto de misturar agulha e basmati	t	138	21
5172	1	colher de sopa	1	tbsp			t	135	21
5173	2	tsp	2	tsp	molho de peixe ou omitir	cheira muito mal mas é normal	t	136	21
5174	1	unidades	1	U			t	134	21
5175	2	colher de sopa	2	tbsp	molho de soja com açucar mascavado		t	137	21
5176	1	tsp	1	tsp			t	45	21
5177	1	tsp	1	tsp			t	97	21
5178	4	dentes	4	U			t	15	21
5179	1	unidades	1	U			t	16	21
5180	1	cubos	1	U			f	43	21
5181	0.5	unidades	0.5	U			t	92	21
5182	1	unidades	1	U			f	91	21
5183	6	unidades	6	U			f	33	21
5184	1	unidades	1	U			f	124	21
5185	1	qb	1	qb			t	139	21
5186	6	unidades	6	U	coxa de frango fatiada ou peito de frango		t	103	21
5187	750	g	750	g			t	140	22
5188	5	colher de sopa	5	tbsp			t	53	22
5189	1	unidades	1	U			t	141	22
5190	3	unidades	3	U			t	142	22
5191	3	unidades	3	U			t	143	22
5192	3	unidades	3	U			t	144	22
5193	4	unidades	4	U	não é tradicional, mas já substitui por uma raspa de limão e fica bom (mas não igual)		t	145	22
5194	1	canecas	1	c			t	146	22
5195	2	tsp	2	tsp	pode substituir por METADE de concentrado de tamarindo ou tamarindo fresco	não confundir com o concentrado - é muito mais potente o concentrado	t	147	22
5196	6	unidades	6	U	substituir por mais raspa de limão ou a versão seca		t	148	22
5197	6	colher de sopa	6	tbsp			t	149	22
5198	1	qb	1	qb			t	1	22
5199	5	unidades	5	U			t	109	22
5200	5	dentes	5	U			t	15	22
5201	1	polegar	1	U			t	41	22
5202	2	unidades	2	U		ajustar o picante. Incluir sementes para mais picante	t	134	22
5203	12	unidades	12	U	cogumelos brancos		t	150	23
5204	2	unidades	2	U			t	33	23
5205	0.5	unidades	0.5	U			t	16	23
5206	0.5	canecas	0.5	c			t	151	23
5207	0.25	canecas	0.25	c			t	152	23
5208	0.5	tsp	0.5	tsp			t	1	23
5209	0.25	tsp	0.25	tsp	tomilho fresco		f	153	23
5210	0.25	tsp	0.25	tsp			f	9	23
5211	1	colher de sopa	1	tbsp			t	53	23
5212	4	unidades	4	U	qualquer pão fofinho - crocante não funciona bem		t	154	23
5213	0.25	unidades	0.25	U			t	90	23
5214	1	unidades	1	U			f	91	23
5215	2	colher de sopa	2	tbsp			f	155	23
5216	0.5	canecas	0.5	c	panko ou mais farinha		t	156	23
5217	500	g	500	g			t	2	24
5218	1	tsp	1	tsp			t	25	24
5219	1	tsp	1	tsp			t	26	24
5220	2	tsp	2	tsp			t	24	24
5221	1	tsp	1	tsp			t	23	24
5222	1	tsp	1	tsp			t	1	24
5223	1	unidades	1	U	ou meio pimento vermelho (para não picante) ou 1 malagueta vermelha		t	157	24
5224	1	unidades	1	U			t	158	24
5225	0.75	unidades	0.75	U	outra cebola serve		t	159	24
5226	0.33	molhos	0.33	u			t	32	24
5227	0.33	molhos	0.33	g			t	70	24
5228	0.5	unidades	0.5	U			t	86	24
5229	4	unidades	4	U	pode ser em pitas		t	89	24
5230	0.5	unidades	0.5	U			t	90	24
5231	0.5	unidades	0.5	U			t	91	24
5232	1	tsp	1	tsp			t	64	24
5233	0.5	unidades	0.5	U			t	92	24
5234	0.5	canecas	0.5	c			t	79	24
5235	0.5	unidades	0.5	U			t	59	24
5236	1.5	tsp	1.5	tsp			t	93	24
5237	1	colher de sopa	1	tbsp			t	10	24
5238	900	g	900	g			t	94	25
5239	2	unidades	2	U			t	5	25
5240	4	dentes	4	U			t	15	25
5241	1	polegar	1	U			t	41	25
5242	3	colher de sopa	3	tbsp			t	53	25
5243	3	colher de sopa	3	tbsp			t	160	25
5244	1.5	tsp	1.5	tsp			t	1	25
5245	0.5	tsp	0.5	tsp			t	9	25
5246	5	unidades	5	U		quatro se forem muito grandes	t	84	25
5247	400	g	400	g			t	146	25
5248	1	tsp	1	tsp			t	161	25
5249	0.33	molhos	0.33	g			t	70	25
5250	750	g	750	g			t	140	26
5251	3	colher de sopa	3	tbsp	ghee é melhor ainda		t	53	26
5252	2	unidades	2	U			t	16	26
5253	4	dentes	4	U			t	15	26
5254	1	polegar	1	U			t	41	26
5255	2	unidades	2	U		3 se forem pequenos	t	84	26
5256	3	colher de sopa	3	tbsp			t	79	26
5257	1	qb	1	qb			t	1	26
5258	1	unidades	1	U	cardamomo verde		t	162	26
5259	3	unidades	3	U			t	142	26
5260	1	unidades	1	U			t	141	26
5261	1	unidades	1	U			t	163	26
5262	1	tsp	1	tsp			t	23	26
5263	1.5	tsp	1.5	tsp			t	85	26
5264	1	tsp	1	tsp			t	97	26
5265	1.5	tsp	1.5	tsp	gochujaru ou paprika com um pouco de cayena - não é muito picante.	Ajustar picante a gosto	t	164	26
5266	0.5	tsp	0.5	tsp			t	161	26
5267	1	canecas	1	c			t	165	27
5268	1	pedaços	1	U			t	37	27
5269	200	g	200	g			t	51	27
5270	1	colher de sopa	1	tbsp			t	48	27
5271	1	unidades	1	U			t	42	27
5272	4	lombos	4	U			t	72	27
5273	2	colher de sopa	2	tbsp			t	166	27
5274	1	canecas	1	c			t	73	27
5275	0.5	unidades	0.5	U			t	126	27
5276	1	unidades	1	U			t	4	27
5277	1	tsp	1	tsp			t	38	27
5278	0.33	canecas	0.33	c			t	155	28
5279	2	latas	2	g			t	31	28
5280	1	talo	1	U			t	3	28
5281	2	unidades	2	U	cornichons		t	101	28
5282	0.25	unidades	0.25	U			t	125	28
5283	2	colher de sopa	2	tbsp			t	32	28
5284	1	qb	1	qb			t	1	28
5285	1	qb	1	qb			t	9	28
5286	0.5	tsp	0.5	tsp		ajustar o picante	t	108	28
5287	4	colher de sopa	4	tbsp	substitutos de manteiga OK		t	82	28
5288	1	unidades	1	U			t	158	28
5289	8	fatias	8	U			f	151	28
5290	0.5	unidades	0.5	U			t	59	28
5291	8	fatias	8	U			t	87	28
5292	2	tsp	2	tsp			f	27	28
5293	2	tsp	2	tsp			f	167	28
5294	1	colher de sopa	1	tbsp		ajustar o picante	t	168	29
5295	2	unidades	2	U			t	109	29
5296	1	colher de sopa	1	tbsp			t	160	29
5297	5	dentes	5	U			t	15	29
5298	400	g	400	g			t	146	29
5299	1	litro	1	ML			t	43	29
5300	4	unidades	4	U			t	103	29
5301	1	unidades	1	U		não é tradicional, para uma versao mais tradicional procurar bolos de peixe malaios	f	75	29
5302	150	g	150	g			f	104	29
5303	1	colher de sopa	1	tbsp		cheira mal mas sem medo	t	169	29
5304	2	unidades	2	U			t	34	29
5305	1	colher de sopa	1	tbsp			t	53	29
5306	1	qb	1	qb			t	70	29
5307	1	unidades	1	U			t	124	29
5308	1	unidades	1	U			t	125	30
5309	5	unidades	5	U		eu uso de cacho	t	158	30
5310	2	colher de sopa	2	tbsp	ou ghee é melhor ainda		t	53	30
5311	5	dentes	5	U			t	15	30
5312	2	tsp	2	tsp			t	161	30
5313	2	tsp	2	tsp	guchujaru ou paprika+cayena		t	164	30
5314	2	tsp	2	tsp			t	97	30
5315	1.5	tsp	1.5	tsp			t	23	30
5316	1.5	tsp	1.5	tsp			t	85	30
5317	0.5	tsp	0.5	tsp			t	160	30
5318	1.5	tsp	1.5	tsp			t	1	30
5319	0.5	tsp	0.5	tsp			t	20	30
5320	2	colher de sopa	2	tbsp			t	79	30
5321	2	unidades	2	U	fica melhor com um de peito, um de coxa		t	94	30
5322	0.33	molhos	0.33	g			t	70	30
5323	6	unidades	6	U			t	170	31
5324	2	dentes	2	U			t	15	31
5325	0.75	canecas	0.75	c			t	79	31
5326	0.25	tsp	0.25	tsp			t	97	31
5327	2	tsp	2	tsp	paprika		t	164	31
5328	0.75	tsp	0.75	tsp			t	99	31
5329	2	colher de sopa	2	tbsp			t	1	31
5330	0.5	unidades	0.5	U			t	171	31
5331	2	tsp	2	tsp			t	59	31
5332	1	colher de sopa	1	tbsp			t	139	31
5333	1.5	canecas	1.5	c			t	138	31
5334	3	unidades	3	U			t	162	31
5335	3	unidades	3	U			t	143	31
5336	1	unidades	1	U			t	163	31
5337	4	unidades	4	U			t	141	31
5338	15	unidades	15	U			t	144	31
5339	2.5	colher de sopa	2.5	tbsp		de preferencia pretos	t	172	31
5340	3	tsp	3	tsp			t	142	31
5341	2	colher de sopa	2	tbsp			t	53	31
5342	50	g	50	g			t	13	31
5343	1	qb	1	qb	substituir por curcuma que é muito mais barato		t	173	31
5344	0.25	canecas	0.25	c			t	70	31
5345	0.33	canecas	0.33	c			t	174	31
5346	0.33	unidades	0.33	U			t	59	31
5347	3	colher de sopa	3	tbsp	ghee é melhor ainda		t	82	31
5348	0.25	canecas	0.25	c			t	175	31
5349	2	tsp	2	tsp			t	176	31
5350	1	tsp	1	tsp			t	9	31
5351	1	qb	1	qb			t	179	31
5352	1	kg	1	g			t	103	32
5353	1	unidades	1	U			t	124	32
5354	1	qb	1	qb			t	9	32
5355	1	qb	1	qb			t	1	32
5356	1	kg	1	g			t	177	32
5357	1	unidades	1	U			t	163	32
5358	3	unidades	3	U			t	16	32
5359	400	g	400	g			t	146	32
5360	400	g	400	g			t	18	32
5361	1	unidades	1	U			t	17	32
5362	1	molhos	1	u			t	32	32
5363	2	colher de sopa	2	tbsp			t	10	33
5364	2	unidades	2	U	mais coxas de frango		t	94	33
5365	2	unidades	2	U	mais peitos de frango		t	96	33
5366	1	unidades	1	U			t	125	33
5367	1	qb	1	qb			t	1	33
5368	1	unidades	1	U			t	5	33
5369	1.5	tsp	1.5	tsp			t	23	33
5370	1.5	tsp	1.5	tsp			t	85	33
5371	1	tsp	1	tsp			t	24	33
5372	1.5	tsp	1.5	tsp	por mais paprika fumada + flocos de malagueta		f	120	33
5373	4	dentes	4	U			t	15	33
5374	0.5	molhos	0.5	g			t	70	33
5375	4	unidades	4	U			t	89	33
5376	400	g	400	g			t	18	33
5377	4	colher de sopa	4	tbsp	vache que ri		t	79	33
5378	1	tsp	1	tsp			t	1	34
5379	1	tsp	1	tsp			t	27	34
5380	1	tsp	1	tsp			t	26	34
5381	2	tsp	2	tsp			t	23	34
5382	2	tsp	2	tsp			t	24	34
5383	2	tsp	2	tsp	1 tsp de cayena ou outro picante em pó		t	120	34
5384	0.5	colher de sopa	0.5	tbsp			t	10	34
5385	0.25	tsp	0.25	tsp			t	9	34
5386	2	tsp	2	tsp			t	15	34
5387	1	unidades	1	U			t	125	34
5388	500	g	500	g			t	2	34
5389	2	colher de sopa	2	tbsp			t	7	34
5390	0.5	unidades	0.5	U	couve rouxa		t	180	34
5391	0.5	canecas	0.5	c			t	181	34
5392	1	lata pequena	1	g			t	66	34
5393	3	unidades	3	U			t	158	34
5394	1	qb	1	qb			f	70	34
5395	1	canecas	1	c			t	133	34
5396	150	g	150	g			f	122	34
5397	1	unidades	1	U			t	17	34
5398	3	unidades	3	U			t	182	35
5399	1	unidades	1	U			t	5	35
5400	5	unidades	5	U			t	33	35
5401	3	canecas	3	c		depende do tamanho da frigideira	t	10	35
5402	16	unidades	16	U			t	103	36
5403	8	dentes	8	U			t	15	36
5404	4	unidades	4	U			t	183	36
5405	0.33	copo	0.33	c			t	110	36
5406	1	qb	1	qb			t	1	36
5407	0.5	unidades	0.5	U	ou outro pão artesanal		t	184	36
5408	0.33	copo	0.33	c			t	10	36
5409	1	kg	1	g			t	104	37
5410	6	dentes	6	U			t	15	37
5411	1	molhos	1	g			t	70	37
5412	0.5	copo	0.5	c			t	110	37
5413	1.5	colher de sopa	1.5	tbsp			t	10	37
5414	1	qb	1	qb		eu ponho metade de um limão mal espremido e provo. Depois corrijo se quiser mais	t	59	37
5415	6	fatias	6	U	de preferencia rustico e fatiado mas algo como baguette pode funcionar		t	87	37
5416	1	qb	1	qb			t	1	37
5417	1	qb	1	qb			t	9	37
5418	60	g	60	g			t	185	38
5419	26	g	26	g	eu uso caju porque sou alergico a pinhão		t	186	38
5420	0.5	tsp	0.5	tsp			t	1	38
5421	0.25	tsp	0.25	tsp			t	9	38
5422	2	dentes	2	U			t	15	38
5423	0.25	canecas	0.25	c			t	10	38
5424	20	g	20	g			t	187	38
5425	2	doses	2	g	ou outra massa. Massa curta funciona melhor mas até esparguete serve		t	188	38
5426	650	g	650	g			t	152	39
5427	1	colher de sopa	1	tbsp			t	1	39
5428	1.3	colher de sopa	1.3	tbsp			t	20	39
5429	1	colher de sopa	1	tbsp			t	189	39
5430	4	colher de sopa	4	tbsp			t	10	39
5431	800	g	800	g			t	18	39
5432	2	tsp	2	tsp			t	27	39
5433	5	unidades	5	U			t	190	39
5434	32	g	32	g			t	187	39
5435	40	g	40	g			t	185	39
5436	250	g	250	g			t	138	40
5437	1	kg	1	g			t	191	40
5438	1	qb	1	qb			t	1	40
5439	5	dentes	5	U			t	15	40
5440	1	unidades	1	U			t	16	40
5441	2	unidades	2	U			t	163	40
5442	1	unidades	1	U			t	84	40
5443	0.5	colher de sopa	0.5	tbsp			t	7	40
5444	1	qb	1	qb			t	9	40
5445	1	qb	1	qb			t	10	40
5446	1	kg	1	g			t	87	41
5447	800	g	800	g			t	103	41
5448	1	qb	1	qb			t	70	41
5449	0.2	tsp	0.2	tsp		não é para ser picante!!	t	108	41
5450	4	dentes	4	U			t	15	41
5451	2	unidades	2	U			t	33	41
5452	1	qb	1	qb			t	10	41
5453	1	unidades	1	U			t	84	41
5454	0.5	colher de sopa	0.5	tbsp			t	7	41
5455	1	qb	1	qb			t	9	41
5456	1	qb	1	qb			t	1	41
5457	250	g	250	g			t	192	42
5458	2	tsp	2	tsp			t	165	42
5459	1	latas	1	g			t	31	42
5460	8	filetes	8	U			t	113	42
5461	2	unidades	2	U			t	84	42
5462	1	colher de sopa	1	tbsp			t	7	42
5463	1	qb	1	qb			t	10	42
5464	2	dentes	2	U			t	15	42
5465	1	unidades	1	U			t	125	42
5466	1	talo	1	U			t	3	42
5467	0.5	tsp	0.5	tsp			t	27	42
5468	2	colher de sopa	2	tbsp			t	13	42
5469	1	colher de sopa	1	tbsp	sementes de coentros em pó,		t	175	43
5470	1	dentes	1	U			t	15	43
5471	1	qb	1	qb			t	1	43
5472	1.5	unidades	1.5	U			t	59	43
5473	1	colher de sopa	1	tbsp			t	24	43
5474	1	colher de sopa	1	tbsp			t	153	43
5475	1	qb	1	qb			t	9	43
5476	100	ml	100	ML			t	10	43
5477	600	g	600	g			t	96	43
5478	0.5	unidades	0.5	U			t	90	43
5479	0.5	unidades	0.5	U			t	91	43
5480	1	tsp	1	tsp			t	64	43
5481	0.5	unidades	0.5	U			t	92	43
5482	0.5	canecas	0.5	c			t	79	43
5483	1.5	tsp	1.5	tsp			t	93	43
5484	3	unidades	3	U			t	89	43
5485	2	unidades	2	U			t	182	43
5486	200	g	200	g			t	193	44
5487	2	unidades	2	U			t	42	44
5488	1	unidades	1	U			t	109	44
5489	2	colher de sopa	2	tbsp	açucar de cana		t	194	44
5490	2.5	colher de sopa	2.5	tbsp			t	169	44
5491	2	colher de sopa	2	tbsp	concentrado de tamarindo mas metade ou tamarindo fresco		t	147	44
5492	0.5	colher de sopa	0.5	tbsp			t	45	44
5493	2	unidades	2	U			t	96	44
5494	6	unidades	6	U			t	103	44
5495	1	canecas	1	c			t	128	44
5496	2	colher de sopa	2	tbsp			t	195	44
5497	4	unidades	4	U	pode substituir 2 por tofu		t	33	44
5498	420	g	420	g			t	178	2
5499	2	postas	2	U			t	196	46
5500	500	g	500	g			t	197	47
5501	3000	g	3000	g			t	198	47
5502	450	g	450	g			t	199	47
5503	2	unidades	2	u			t	5	47
5504	1	unidades	1	u		grande	t	41	47
5505	1	unidades	1	u			t	141	47
5506	4	unidades	4	u			t	143	47
5507	5	unidades	5	u			t	142	47
5508	20	g	20	g			t	175	47
5509	2	colheres de sopa	2	tbsp			t	169	47
5510	30	g	30	g			t	20	47
5511	1	qb	1	qb			t	70	47
5512	1	unidades	1	u			t	134	47
5513	1	tsp	1	tsp			t	176	47
5514	2	unidades	2	u			t	144	47
5515	2	unidades	1	u			t	162	47
5516	2	tbsp	2	tbsp			t	53	47
5517	0.5	cups	0.5	c			f	128	47
5518	1	unidades	1	u			f	124	47
5519	1	unidades	1	u			f	159	47
5520	2	unidades	2	u			f	94	48
5521	1	unidades	1	u			f	121	48
5522	1	unidades	1	u			f	17	48
5523	200	ml	200	ml			f	18	48
5524	1	unidades	1	u	outra cebola serve		f	125	48
5525	4	unidades	4	u			f	15	48
5526	1	tbsp	1	tbsp			f	25	48
5527	1	tbsp	1	tbsp			f	26	48
5528	1	tsp	1	tsp			f	27	48
5529	1	tbsp	1	tbsp			f	24	48
5530	1	tbsp	1	tbsp			f	22	48
5531	1	tbsp	1	tbsp			f	23	48
5532	6	unidades	6	u			f	89	48
5533	1	qb	1	qb			f	122	48
5534	1	tbsp	1	tbsp			f	119	48
5535	2	tbsp	1	tbsp			f	120	48
5536	1	unidades	1	u			f	124	48
5537	4	doses	4	u			f	115	49
5538	3	unidades	3	u			f	84	49
5539	1	unidades	1	u			f	3	49
5540	1	unidades	1	u			f	4	49
5541	1	unidades	1	u			f	5	49
5542	1	tbsp	1	tbsp			f	7	49
5543	1	lata	1	u			f	31	49
5544	2	unidades	2	u			f	57	50
5545	600	g	600	g			f	200	51
5546	500	g	500	g			f	140	52
5547	330	ml	330	ml			f	201	52
5548	2	unidades	2	u			f	5	52
5549	1	unidades	1	u			f	142	52
5550	1	fatias	1	u			f	87	52
5551	1	tbsp	1	tbsp			f	202	52
5552	1	tbsp	1	tbsp			f	58	52
5553	2	unidades	2	u			f	163	52
5554	1	tsp	1	tsp			f	153	52
5555	2	unidades	2	u			f	15	52
5556	2	tbsp	2	tbsp			f	82	52
5557	2	tbsp	2	tbsp			f	19	52
5558	1	quadrado	1	u			f	29	52
5559	650	g	650	g			t	152	55
5560	1	colher de sopa	1	tbsp			t	1	55
5561	1.3	colher de sopa	1.3	tbsp			t	20	55
5562	1	colher de sopa	1	tbsp			t	189	55
5563	4	colher de sopa	4	tbsp			t	10	55
5564	800	g	800	g			t	18	55
5565	2	tsp	2	tsp			t	27	55
5566	5	unidades	5	U			t	190	55
5567	32	g	32	g			t	187	55
5568	2	latas	2	u			f	31	55
5569	1	unidades	1	u			f	125	55
5570	1	tbsp	1	tbsp			f	9	54
5571	0.5	tbsp	0.5	tbsp			f	46	54
5572	2	unidades	2	u			f	57	54
5573	0.25	tbsp	0.25	tbsp			f	203	54
5574	0.5	tbsp	0.5	tbsp			f	204	54
5575	1	tsp	1	tsp			f	1	54
5576	2	tbsp	2	tbsp			f	82	54
5577	1	unidades	1	u			f	109	54
5578	1	tsp	1	tsp			f	202	54
5579	0.5	cups	0.5	c	cream		f	13	54
5580	0.25	cups	0.25	c			f	205	54
5581	2	tbsp	2	tbsp			f	53	54
5582	20	unidades	8	u	pode substituir 6 por lagostins		f	103	53
5583	200	g	200	g			f	200	53
5584	100	g	100	g			f	104	53
5585	3	unidades	2	u			f	15	53
5586	1	unidades	1	u			f	5	53
5587	20	g	20	g			f	32	53
5588	1	unidades	1	u			f	84	53
5589	1	unidades	1	u	pode substituir por outro pimento seco		f	206	53
5590	1	qb	1	qb			f	1	53
5591	2	tbsp	2	tbsp			f	10	53
5592	320	g	320	g			f	102	53
5593	3	cups	3	c			f	111	53
5594	1	qb	1	qb			t	1	56
5595	400	g	400	g			t	2	56
5596	60	g	60	g			t	3	56
5597	60	g	60	g			t	4	56
5598	60	g	60	g			t	5	56
5599	150	g	150	g	Bacon		t	6	56
5600	1	colher de sopa	1	tbsp			t	7	56
5601	1	copo	1	c			t	8	56
5602	1	qb	1	qb			t	9	56
5603	3	colher de sopa	3	tbsp			t	10	56
5604	200	g	200	g	eu gosto de substituir por 3 ou 4 tomates frescos passados num blender		t	11	56
5605	200	g	200	g			t	12	56
5606	100	ml	100	ml			t	13	56
5607	500	g	500	g			f	207	56
5608	400	ml	400	ml			f	208	56
5609	2	cups	2	c			f	122	56
5610	1	kg	1000	g			f	104	57
5611	1	unidades	1	u			f	15	57
5612	1	tbsp	1	tbsp			f	10	57
5613	1	qb	1	qb			f	1	57
5614	1	qb	1	qb			f	9	57
5615	1	molhos	1	u			f	32	57
5616	1	bunch	1	u			f	185	58
5617	250	g	250	g			f	84	58
5618	400	g	400	g			f	17	58
5619	1	qb	1	qb			f	9	58
5620	1	qb	1	qb			f	1	58
5621	1	qb	1	qb			f	10	58
5622	1	unidades	1	u			f	15	58
5623	320	g	320	g			f	192	58
5624	2	unidades	2	u			f	94	59
5625	3	tbsp	3	tbsp			f	53	59
5626	1	unidades	1	u			f	33	59
5627	0.5	cups	0.5	c			f	55	59
5628	0.5	tsp	0.5	tsp			f	1	59
5629	1	unidades	1	u			f	209	59
5630	2	dentes	2	u			f	15	59
5631	0.5	unidades	0.5	u			f	159	59
5632	1	unidades	1	u			f	17	59
5633	3	unidades	3	u	pode substituir por outra massa de trigo		f	34	60
5634	1	tbsp	1	tbsp			f	53	60
5635	250	g	250	g			f	54	60
5636	2	tbsp	2	tbsp			f	52	60
5637	2.5	tbsp	2.5	tbsp			f	44	60
5638	0.5	tsp	0.5	tsp			f	45	60
5639	1	tbsp	1	tbsp			f	195	60
5640	1	unidades	1	u			f	210	60
5641	3	tsp	3	tsp			f	211	60
5642	1	tbsp	1	tbsp			f	212	60
5643	2	dentes	2	u			f	15	60
5644	1	tsp	1	tsp			f	50	60
5645	1	tsp	1	tsp			f	52	61
5646	1	unidades	1	u			f	33	61
5647	1.5	tbsp	1.5	tbsp			f	55	61
5648	3	tbsp	1	tbsp			f	53	61
5649	1	tbsp	1	tbsp			f	44	61
5650	1	tsp	1	tsp			f	45	61
5651	1	tbsp	1	tbsp			f	130	61
5652	1	tsp	1	tsp			f	132	61
5653	0.5	tsp	0.5	tsp			f	20	61
5654	2	unidades	2	u			f	94	61
5655	1	unidades	1	u			f	4	61
5656	1	unidades	1	u			f	5	61
5657	2	unidades	2	u			f	15	61
5658	5	unidades	5	u			f	214	61
5659	0.5	cups	0.5	c			f	43	61
5660	1	unidades	1	u			f	17	61
5661	250	g	250	g			f	54	62
5662	250	g	150	g		e so 150 em carne camarao	f	103	62
5663	0.5	tbsp	0.5	tbsp			f	52	62
5664	1	qb	1	qb			f	46	62
5665	1	tsp	1	tsp			f	20	62
5666	1	tbsp	1	tbsp			f	55	62
5667	4	unidades	4	u			f	40	62
5668	1	tsp	1	tsp			f	215	62
5669	1	tbsp	1	tbsp			f	132	62
5670	20	unidades	20	u			f	216	62
5671	1	tbsp	1	tbsp			f	44	62
5672	1	tbsp	1	tbsp			f	212	62
5673	1	tbsp	1	tbsp			f	213	62
5674	10	unidades	10	u			f	217	63
5675	1	cups	1	c			f	73	63
5676	1	folha	1	u			f	47	63
5677	0.5	tsp	0.5	tsp			f	220	63
5678	3	tbsp	3	tbsp			f	219	63
5679	1	tsp	1	tsp			f	44	63
5680	1	qb	1	qb			f	132	63
5681	2	tsp	2	tsp			f	76	63
5682	1	unidades	1	u			f	42	63
5683	1	tbsp	1	tbsp			f	38	63
5684	1	unidades	1	U			f	84	64
5685	1	unidades	1	u			f	42	64
5686	0.25	tsp	0.25	tsp			f	25	64
5687	0.25	tsp	0.25	tsp			f	9	64
5688	4	fatias	4	u			f	221	64
5689	2	tsp	2	tsp			f	82	64
5690	4	folhas	60	g			f	90	64
5691	120	g	120	g			f	222	64
5692	0.5	unidades	0.5	u			f	67	64
5693	4	fatias	4	u			f	224	64
5694	1	tbsp	1	tbsp		o molho nao leva mas fica melhor	f	223	65
5695	0.25	cups	0.25	c			f	155	65
5696	0.5	unidades	0.5	u			f	5	65
5697	1	tsp	1	tsp			f	225	65
5698	0.5	tsp	0.5	tsp			f	226	65
5699	0.5	tsp	0.5	tsp			f	20	65
5700	0.5	tsp	0.5	tsp			f	22	65
5701	0.125	tsp	0.125	tsp			f	1	65
5702	0.125	tsp	0.125	tsp			f	25	65
5703	0.125	tsp	0.125	tsp			f	26	65
5704	2	unidades	2	u			f	154	65
5705	2	unidades	2	u	ou carne picada		f	227	65
5706	2	unidades	2	u			f	101	65
5707	0.5	unidades	0.5	u			f	84	65
5708	2	folhas	30	g			f	90	65
5709	1	cups	1	c			f	79	66
5710	3	tsp	3	tsp			f	1	66
5711	2	tsp	2	tsp			f	22	66
5712	2.25	tbsp	2.25	tbsp			f	161	66
5713	8	dentes	8	u			f	15	66
5714	2	tbsp	2	tbsp			f	41	66
5715	900	g	900	g	ou coxas		f	94	66
5716	3	tbsp	3	tbsp			f	53	66
5717	2	tsp	2	tsp			f	20	66
5718	425	g	425	g			f	18	66
5719	240	ml	240	ml			f	228	66
5720	1	qb	1	qb			f	70	66
5721	4	unidades	4	u			f	229	67
5722	8	fatias	8	u			f	230	67
5723	6	unidades	6	u			f	69	67
5724	120	g	120	g			f	231	67
5725	2	unidades	2	u			f	94	68
5726	100	g	100	g		tem de ser em oleo	f	232	68
5727	5	dentes	5	u			f	15	68
5728	1	tbsp	1	tbsp			f	202	68
5729	250	ml	250	ml			f	228	68
5730	1	tbsp	1	tbsp			f	10	68
5731	2	cups	2	c			f	233	68
5732	0.5	cups	0.5	c			f	187	68
5733	30	g	30	g			f	10	70
5734	1	dentes	1	u			f	15	70
5735	1	qb	1	qb			f	1	70
5736	1	bunch	1	u			f	185	70
5737	500	g	500	g			f	234	70
5738	800	g	800	g			f	18	70
5739	2	unidades	2	u			f	235	71
5740	240	g	240	g			f	61	71
5741	300	g	300	g		crua, deve perder peso depois de cozida	f	236	71
5742	2	unidades	2	u			f	33	71
5743	2	unidades	2	u			f	4	71
5744	1	qb	1	qb			f	10	71
5745	1	unidades	1	u			f	235	72
5746	5	unidades	5	u			f	33	72
5747	2	unidades	2	u		1 se for muito grande	f	5	72
5748	4	unidades	4	u			f	15	72
5749	1	tbsp	1	tbsp			f	114	72
5750	1	qb	1	qb			f	32	72
5751	200	g	200	g			f	237	72
5752	24	unidades	24	u			f	238	73
5753	3	unidades	3	u			f	84	73
5754	1	tbsp	1	tbsp			f	7	73
5755	1.5	tbsp	1.5	tbsp			f	22	73
5756	1	unidades	1	u			f	5	73
5757	4	unidades	4	u			f	15	73
5758	0.25	cups	0.25	c	mais agulha		f	138	73
5759	0.5	cups	0.5	c			f	133	73
5760	0.25	cups	0.25	c	mais agulha		f	239	73
5761	1.5	tbsp	1.5	tbsp			f	10	73
5762	500	g	500	g		devem ser 4 mimos	f	75	74
5763	2	cups	2	c			f	240	74
5764	1	qb	1	qb		de preferencia spray	f	53	74
5765	4	fatias	4	u			f	241	74
5766	4	unidades	4	u			f	242	74
5767	1	unidades	1	u			f	33	74
5768	1	tbsp	1	tbsp			f	202	74
5769	1	tbsp	1	tbsp			f	152	74
5770	0.75	tsp	0.75	tsp			f	1	74
5771	1	qb	1	qb			f	9	74
5772	220	g	220	g			f	155	74
5773	1	pickle grande	1	u			f	101	74
5774	1	tsp	1	tsp			f	32	74
5775	1	tsp	1	tsp			f	112	74
5776	1.5	tbsp	1.5	tbsp			f	59	74
5777	1	tsp	1	tsp			f	226	74
5778	2	unidades	2	u			f	57	75
5779	2	tbsp	2	tbsp			f	82	75
5780	1	qb	1	qb			f	10	75
5781	3	unidades	3	u			f	15	75
5782	1	qb	1	qb			f	110	75
5783	3	unidades	3	u			f	163	75
5784	1	tbsp	1	tbsp			f	225	75
5785	2	unidades	2	u			f	33	75
5786	2	unidades	2	u			f	182	75
5787	1	cups	1	c			f	19	75
5788	1	qb	1	qb			f	1	75
5789	500	g	500	g			f	2	76
5790	1	unidades	1	u			f	5	76
5791	1	unidades	0.5	u			f	17	76
5792	1	unidades	1	u			f	32	76
5793	6	unidades	6	u			f	89	76
5794	1	unidades	1	u			f	123	76
5795	1	tsp	1	tsp			f	243	76
5796	1	tsp	1	tsp			f	172	76
5797	1	tsp	1	tsp			f	175	76
5798	1	tsp	1	tsp			f	22	76
5799	1	tsp	1	tsp			f	24	76
5800	1	tsp	1	tsp			f	120	76
5801	1	tsp	1	tsp			f	65	76
5802	2	unidades	2	u			f	15	76
5803	1	tsp	1	tsp			f	1	76
5804	0.5	unidades	0.5	u			f	86	76
5805	4	unidades	4	u			f	94	69
5806	200	ml	200	ml			f	228	69
5807	1	unidades	1	u			f	244	69
5808	1	unidades	1	u			f	245	69
5809	250	g	250	g			f	152	77
5810	1	g	1	g			f	189	77
5811	1	qb	1	qb			f	1	77
5812	250	g	250	g			f	2	77
5813	1	unidades	1	u			f	5	77
5814	1	unidades	1	u			f	246	77
5815	1	unidades	1	u			f	32	77
5816	2	g	2	g			f	153	77
5817	1	unidades	1	u		grande	f	158	77
5818	0.5	cups	0.5	c			f	133	78
5819	0.5	cups	0.5	c			f	138	78
5820	0.75	cups	0.75	c			f	118	78
5821	0.5	cups	0.5	c			f	10	78
5822	1	unidades	1	u			f	141	78
5823	1	tsp	1	tsp			f	175	78
5824	0.5	tsp	0.5	tsp			f	97	78
5825	0.25	tsp	0.25	tsp			f	9	78
5826	1.5	unidades	1.5	u			f	5	78
5827	1	tbsp	1	tbsp			f	226	78
5828	1	tbsp	1	tbsp			f	59	78
5829	1	bunch	1	u			f	70	78
5830	2	tbsp	2	tbsp			f	247	78
5831	2	tbsp	2	tbsp			f	248	78
5832	1	qb	1	qb			f	53	79
5833	0.5	cups	0.5	c			f	248	79
5834	2	unidades	2	u			f	4	79
5835	1	unidades	1	u			f	141	79
5836	3	unidades	3	u			f	163	79
5837	2	unidades	2	u			f	249	79
5838	4	unidades	4	u			f	170	79
5839	4	unidades	4	u			f	250	79
5840	1	tsp	1	tsp			f	172	79
5841	1	tsp	1	tsp			f	175	79
5842	2	unidades	2	u			f	158	79
5843	1	tsp	1	tsp			f	97	79
5844	3	tsp	3	tsp			f	1	79
5845	1	unidades	1	u			f	43	79
5846	2	tbsp	2	tbsp			f	7	79
5847	2	unidades	2	u			f	80	80
5848	1	qb	1	qb			f	10	80
5849	0.5	tsp	0.5	tsp			f	24	80
5850	1	qb	1	qb			f	1	80
5851	180	g	180	g		drained	f	61	80
5852	0.5	tsp	0.5	tsp			f	172	80
5853	0.5	tsp	0.5	tsp			f	175	80
5854	1	qb	1	qb			f	9	80
5855	3	unidades	3	u			f	95	80
5856	1	cups	1	c			f	79	80
5857	1.5	tbsp	1.5	tbsp			f	63	80
5858	1	unidades	1	u			f	15	80
5859	0.5	unidades	0.5	u			f	59	80
5860	1	qb	1	qb			f	251	80
5861	1	unidades	1	u			f	252	80
5862	1	tsp	1	tsp			f	64	80
5863	8	unidades	8	u			f	247	80
5864	500	g	500	g		pode ser peito	f	96	81
5865	4	tbsp	4	tbsp			f	10	81
5866	1	tbsp	1	tbsp			f	79	81
5867	2	unidades	2	u			f	15	81
5868	1	tsp	1	tsp			f	172	81
5869	1	tsp	1	tsp			f	175	81
5870	1	tsp	1	tsp			f	22	81
5871	0.5	tsp	0.5	tsp			f	97	81
5872	0.5	tsp	0.5	tsp			f	141	81
5873	0.5	tsp	0.5	tsp			f	9	81
5874	0.5	tsp	0.5	tsp			f	1	81
5875	1.5	unidades	1.5	u			f	59	81
5876	2	unidades	2	u			f	80	81
5877	2	tbsp	2	tbsp			f	63	81
5878	1	qb	1	qb			f	251	81
5879	4	unidades	4	u			f	229	82
5880	3	unidades	3	u			f	190	82
5881	1	bunch	1	u			f	185	82
5882	1	qb	1	qb			f	10	82
5883	1	tbsp	1	tbsp			f	232	82
5884	6	unidades	6	u			f	69	82
5885	1	tsp	1	tsp			f	9	45
5886	4	unidades	4	u		mais coxas	f	170	45
5887	4	unidades	4	u		mais pernas	f	250	45
5888	0.3	cups	0.3	c			f	44	45
5889	3	unidades	3	u			f	163	45
5890	0.25	cups	0.25	c			f	226	45
5891	1	unidades	1	u			f	42	45
5892	3	unidades	3	u			f	15	45
5893	2.5	tbsp	2.5	tbsp	mascavado, amarelo ou cana de preferencia		f	20	45
5894	1	unidades	1	u	grande		f	16	45
5895	1	qb	1	qb			t	1	1
5896	400	g	400	g			t	2	1
5897	60	g	60	g			t	3	1
5898	60	g	60	g			t	4	1
5899	60	g	60	g			t	5	1
5900	150	g	150	g	Bacon		t	6	1
5901	1	colher de sopa	1	tbsp			t	7	1
5902	1	copo	1	c			t	8	1
5903	1	qb	1	qb			t	9	1
5904	3	colher de sopa	3	tbsp			t	10	1
5905	200	g	200	g	eu gosto de substituir por 3 ou 4 tomates frescos passados num blender		t	11	1
5906	200	g	200	g			t	12	1
5907	100	ml	100	ml			t	13	1
5908	8	doses	8	u	Outra massa		t	14	1
5909	1	colher de sopa	1	tbsp			t	10	2
5910	3	dentes	3	U			t	15	2
5911	1	unidades	1	U			t	16	2
5912	1	unidades	1	U			t	17	2
5913	500	g	500	g			t	2	2
5914	3	colher de sopa	3	tbsp			t	7	2
5915	800	g	800	g			t	18	2
5916	2	cubos	2	U			t	19	2
5917	1.5	tsp	1.5	tsp			t	20	2
5918	2	tsp	2	tsp		Ajustar o picante a gosto	t	21	2
5919	3	tsp	3	tsp			t	22	2
5920	5	tsp	5	tsp			t	23	2
5921	4	tsp	4	tsp			t	24	2
5922	2	tsp	2	tsp			t	25	2
5923	2	tsp	2	tsp			t	26	2
5924	1.5	tsp	1.5	tsp			t	1	2
5925	2	tsp	2	tsp			t	27	2
5926	1	tsp	1	tsp			t	28	2
5927	2	quadrados	2	U			t	29	2
5928	1	qb	1	qb			t	1	3
5929	470	g	470	g			t	30	3
5930	170	g	2	g			t	31	3
5931	1	qb	1	qb			t	32	3
5932	3	unidades	3	U			t	33	3
5933	0.5	unidades	0.5	U			t	16	3
5934	2	unidades	2	U			t	34	4
5935	2	unidades	2	U			t	33	4
5936	2	colher de sopa	2	tbsp			t	35	4
5937	1.5	colher de sopa	1.5	tbsp		Ajustar picante a gosto	t	36	4
5938	1	pedaços	1	U			t	37	4
5939	2	colher de sopa	2	tbsp			t	38	4
5940	1	colher de sopa	1	tbsp			t	39	4
5941	4	unidades	4	U		Sim, tem mesmo de ser secos	t	40	4
5942	1.5	tsp	1.5	tsp			t	41	4
5943	3	dentes	3	U			t	15	4
5944	2	unidades	2	U			t	42	4
5945	1	cubos	1	U			t	43	4
5946	2	colher de sopa	2	tbsp			t	44	4
5947	1	tsp	1	tsp			t	45	4
5948	1	qb	1	qb			t	46	4
5949	1	folha	1	U			t	47	4
5950	4	pedaços	4	U			t	48	4
5951	2.5	colher de sopa	2.5	tbsp			t	49	5
5952	2	colher de sopa	2	tbsp			t	50	5
5953	1	colher de sopa	1	tbsp		Tradicionalmente, usa-se feijao preto fermentando -  Dou Chi	t	35	5
5954	2	colher de sopa	2	tbsp			t	52	5
5955	500	g	500	g		De preferencia versão mais suave	t	51	5
5956	0.5	tsp	0.5	tsp			t	1	5
5957	3	colher de sopa	3	tbsp			t	53	5
5958	300	g	300	g			t	54	5
5959	4	unidades	4	U			t	42	5
5960	5	dentes	5	U			t	15	5
5961	1	tsp	1	tsp			t	22	5
5962	1.5	tsp	1.5	tsp			t	41	5
5963	2	tsp	2	tsp			t	20	5
5964	1.5	canecas	1.5	c			t	19	5
5965	3	tsp	3	tsp			t	44	5
5966	0.5	tsp	0.5	tsp			t	45	5
5967	1	colher de sopa	1	tbsp			t	55	5
5968	1	qb	1	qb		Eu não acrescento. O doubanjiang já é picante. Sugiro rectificar o picante no fim depois de provar com pó de piri piri ou outro picante	t	56	5
5969	2	unidades	2	U			t	57	6
5970	5	colher de sopa	5	tbsp			t	10	6
5971	1	colher de sopa	1	tbsp			t	58	6
5972	1	tsp	1	tsp			t	59	6
5973	1.5	colher de sopa	1.5	tbsp			t	32	6
5974	2	dentes	2	U			t	15	6
5975	1	unidades	1	U	Outra malagueta fresca	Ajustar a picante a gosto	t	60	6
5976	1	tsp	1	tsp			t	27	6
5977	1	qb	1	qb			t	9	6
5978	0.5	tsp	0.5	tsp			t	22	6
5979	1	lata grande	1	g			t	61	7
5980	3	latas	3	g			t	31	7
5981	15	unidades	15	U	Broculo ou outros legumes (de preferencia cruciveros)	Depende do tamanho das couves. Incluir visto que são saudaveis mas a gosto	t	62	7
5982	3	unidades	3	U			t	33	7
5983	1.5	colher de sopa	1.5	tbsp		Por a gosto no hummus	t	63	7
5984	1	qb	1	qb			t	1	7
5985	0.5	unidades	0.5	U		Por a gosto no hummus	t	59	7
5986	1	dentes	1	U			t	15	7
5987	1	qb	1	qb		Por a gosto no hummus e depois por cima no produto final	t	10	7
5988	1	qb	1	qb		Sprinkle por cima do produto final	f	64	7
5989	1	qb	1	qb		Sprinkle por cima do produto final	f	65	7
5990	1	lata pequena	1	g			t	66	8
5991	1	unidades	1	U			t	67	8
5992	1	canecas	1	c			t	68	8
5993	2	unidades	2	U			t	33	8
5994	8	unidades	8	U			t	69	8
5995	1	qb	1	qb			t	70	8
5996	3	colher de sopa	3	tbsp			t	10	8
5997	1	colher de sopa	1	tbsp			t	71	8
5998	1	qb	1	qb			t	1	8
5999	1	qb	1	qb			t	9	8
6000	1	qb	1	qb			t	27	8
6001	2	lombos	2	U		de preferencia sem espinhas	t	72	9
6002	1	canecas	1	c			t	73	9
6003	3	colher de sopa	3	tbsp			t	74	9
6004	1	medalhões	1	U		de preferencia sem espinhas	t	75	9
6005	1	qb	1	qb			t	76	9
6006	2	unidades	2	U			t	77	9
6007	1	qb	1	qb			t	78	9
6008	1	qb	1	qb			t	44	9
6009	1	qb	1	qb			t	47	9
6010	2	colher de sopa	2	tbsp	podem usar qualquer uma das cores mas mistura das duas é mais visual		t	38	9
6011	1	pedaços	1	U			t	37	9
6012	1	unidades	1	U			t	67	9
6013	400	g	400	g	pequenos cubos de carne de vaca		t	2	10
6014	2	dentes	2	U			t	15	10
6015	3	colher de sopa	3	tbsp			t	10	10
6016	0.75	canecas	0.75	c			t	79	10
6017	1	qb	1	qb			t	1	10
6018	1	qb	1	qb			t	9	10
6019	1	colher de sopa	1	tbsp			t	7	10
6020	4	unidades	4	U			t	80	10
6021	1	qb	1	qb			f	32	10
6022	1	colher de sopa	1	tbsp			t	81	10
6023	2	colher de sopa	2	tbsp			t	82	10
6024	1	colher de sopa	1	tbsp			t	22	10
6025	1	colher de sopa	1	tbsp			t	24	10
6026	1	unidades	1	U		assado com as beringelas. Retirar pele, cortar em tiras e servir	t	17	10
6027	5	unidades	5	U			t	84	11
6028	2	unidades	2	U	1 se for muito grande		t	17	11
6029	1	unidades	1	U			t	16	11
6030	5	dentes	5	U			t	15	11
6031	2	colher de sopa	2	tbsp			t	22	11
6032	2	colher de sopa	2	tbsp			t	24	11
6033	3	colher de sopa	3	tbsp			t	23	11
6034	1.5	colher de sopa	1.5	tbsp			t	85	11
6035	1	qb	1	qb			f	70	11
6036	0.5	unidades	0.5	U			f	86	11
6037	4	fatias	4	U	o tipo não interessa desde que não seja pão de forma e seja bom para torradas		t	87	11
6038	1	colher de sopa	1	tbsp			t	7	11
6039	2	colher de sopa	2	tbsp			t	10	11
6040	1	qb	1	qb			t	1	11
6041	1	qb	1	qb			t	9	11
6042	6	unidades	6	U			t	33	11
6043	1	canecas	1	c	não se pode substituir por grão cozido!!		t	88	12
6044	1	unidades	1	U			t	16	12
6045	3	dentes	3	U			t	15	12
6046	1	qb	1	qb			t	1	12
6047	1	colher de sopa	1	tbsp			t	85	12
6048	1	colher de sopa	1	tbsp			t	23	12
6049	0.5	molhos	0.5	u			t	32	12
6050	0.5	molhos	0.5	g			t	70	12
6051	4	unidades	4	U			t	89	12
6052	0.5	unidades	0.5	U			t	90	12
6053	0.5	unidades	0.5	U			t	91	12
6054	1	tsp	1	tsp			f	64	12
6055	0.5	unidades	0.5	U	Metade desta quantidade para molho, metade para salada		t	92	12
6056	0.5	canecas	0.5	c			t	79	12
6057	0.5	unidades	0.5	U			t	59	12
6058	1.5	tsp	1.5	tsp			t	93	12
6059	1	colher de sopa	1	tbsp			t	10	12
6060	0.5	unidades	0.5	U			f	86	12
6061	1	unidades	1	U			t	94	13
6062	1	unidades	1	U	peito de frango		t	96	13
6063	4	unidades	4	U			t	95	13
6064	1	unidades	1	U			t	59	13
6065	0.75	canecas	0.75	c			t	79	13
6066	2	tsp	2	tsp			t	7	13
6067	2	tsp	2	tsp			t	81	13
6068	2	tsp	2	tsp			t	25	13
6069	1	tsp	1	tsp			f	97	13
6070	1	colher de sopa	1	tbsp			t	24	13
6071	1	tsp	1	tsp			f	98	13
6072	1	tsp	1	tsp			t	26	13
6073	1	tsp	1	tsp			t	99	13
6074	0.5	tsp	0.5	tsp			f	100	13
6075	3	tsp	3	tsp			t	1	13
6076	1	tsp	1	tsp			t	64	13
6077	0.25	unidades	0.25	U			t	16	13
6078	2	unidades	2	U	Pode substituir por cornichons mas pôr mais unidades		t	101	13
6079	1	dentes	1	U			t	15	13
6080	0.5	unidades	0.5	U			t	90	13
6081	0.5	unidades	0.5	U			t	91	13
6082	0.5	unidades	0.5	U		Metade desta quantidade para molho, metade para salada	t	92	13
6083	1.5	tsp	1.5	tsp			t	93	13
6084	1	colher de sopa	1	tbsp			t	10	13
6085	400	g	400	g	não se pode substituir por arroz agulha ou basmati! Quanto muito arroz bomba ou risotto mas ainda não testei		t	102	14
6086	10	unidades	10	U			t	103	14
6087	400	g	400	g			t	104	14
6088	3	unidades	3	U	lulas		t	105	14
6089	8	unidades	8	U			t	106	14
6090	2	unidades	2	U			t	84	14
6091	2	colher de sopa	2	tbsp			t	7	14
6092	1.5	tsp	1.5	tsp			f	107	14
6093	0.5	tsp	0.5	tsp		não por mais! Não é suposto ser picante	t	108	14
6094	0.5	molhos	0.5	u			f	32	14
6095	0.5	molhos	0.5	g			f	70	14
6096	1	unidades	1	U			t	16	14
6097	1	unidades	1	U			f	109	14
6098	1	qb	1	qb			t	1	14
6099	4	dentes	4	U			t	15	14
6100	1	qb	1	qb			f	9	14
6101	0.5	copo	0.5	c			f	110	14
6102	1.2	litro	1.2	ML	pode substituir por agua com sal ou caldo de peixe		t	111	14
6103	1	folha	1	U			f	47	14
6104	4	unidades	4	U			f	48	14
6105	1	pedaços	1	U			f	37	14
6106	8	filetes	8	U			t	113	15
6107	2	colher de sopa	2	tbsp			t	112	15
6108	3	dentes	3	U			t	15	15
6109	1	tsp	1	tsp			t	27	15
6110	0.5	colher de sopa	0.5	tbsp			t	7	15
6111	4	unidades	4	U			t	84	15
6112	1.5	colher de sopa	1.5	tbsp		de prefencia em rodelas sem caroço	t	114	15
6113	4	doses	4	u	outra massa		t	115	15
6114	1	qb	1	qb		por pouco - as anchovas são salgadas	t	1	15
6115	4	doses	4	u			t	115	16
6116	6	unidades	6	U			t	33	16
6117	75	g	75	g			t	116	16
6208	5	dentes	5	U			t	15	22
6209	1	polegar	1	U			t	41	22
6118	150	g	150	g	bacon ou panceta - não tradicional mas não deixa ser bom. Nem tudo tem de ser como os gurus dizem		t	117	16
6119	1	qb	1	qb			t	9	16
6120	1	qb	1	qb			t	1	16
6121	4	doses	4	u	outra massa		t	115	17
6122	50	g	50	g	parmesão		t	116	17
6123	150	g	150	g	bacon ou panceta - não tradicional mas não deixa ser bom. Nem tudo tem de ser como os gurus dizem		t	117	17
6124	400	g	400	g			t	84	17
6125	1	qb	1	qb			t	9	17
6126	1	unidades	1	U	flocos de malagueta secos ou um pepperoncino seco		t	60	17
6127	0.25	copo	0.25	c			t	110	17
6128	1	qb	1	qb		pôr pouco se a carne tiver pouca gordura. Se usar guanciale NÃO usar azeite - já é muito gordurento	t	10	17
6129	1	canecas	1	c			t	118	18
6130	1	colher de sopa	1	tbsp			t	10	18
6131	1	unidades	1	U	outra cebola serve		t	5	18
6132	4	dentes	4	U			t	15	18
6133	1.5	colher de sopa	1.5	tbsp	talvez lima? Ainda não testei		t	119	18
6134	3	colher de sopa	3	tbsp			t	7	18
6135	1	colher de sopa	1	tbsp	chipotle demolhado ou paprika fumada + piri piri em pó		t	120	18
6136	1.5	colher de sopa	1.5	tbsp			t	23	18
6137	0.75	colher de sopa	0.75	tbsp			t	85	18
6138	2	colher de sopa	2	tbsp			t	24	18
6139	2	qb	2	qb			t	1	18
6140	1	unidades	1	U			t	17	18
6141	1	unidades	1	U			t	121	18
6142	1	qb	1	qb			t	9	18
6143	8	unidades	8	U			t	89	18
6144	8	qb	8	qb	qualquer queijo serve desde que derreta bem. Já testei com mozarela, queijo da ilha e cheddar		t	122	18
6145	3	unidades	3	U			t	67	18
6146	2	unidades	2	U			t	123	18
6147	1	unidades	1	U			t	124	18
6148	1	dentes	1	U			t	15	18
6149	0.25	unidades	0.25	U	outra cebola serve		t	125	18
6150	0.33	molhos	0.33	g			t	70	18
6151	4	canecas	4	c		em juliana, diminui muito enquanto cozinha	t	126	19
6152	1	unidades	1	U			t	4	19
6153	2	unidades	2	U			t	15	19
6154	200	g	200	g	ramen instantaneo		t	127	19
6155	1	canecas	1	c			f	128	19
6156	3	unidades	3	U			t	42	19
6157	1.5	colher de sopa	1.5	tbsp			f	129	19
6158	2	tsp	2	tsp			t	55	19
6159	1.5	colher de sopa	1.5	tbsp			t	44	19
6160	1.5	colher de sopa	1.5	tbsp			t	130	19
6161	1	tsp	1	tsp			f	45	19
6162	1.5	colher de sopa	1.5	tbsp	mirin. Em ultimo caso sake		t	52	19
6163	2	tsp	2	tsp	se usar mirin, diminuir só para um. O mirin e mais doce		t	20	19
6164	0.5	tsp	0.5	tsp			t	132	19
6165	1	qb	1	qb			t	46	19
6166	4	unidades	4	U			t	33	19
6167	4	unidades	4	U	coxa de frango fatiada ou qualquer outra carne/marisco		t	103	19
6168	1	canecas	1	c	basmati e jasmin tambem funcionam, só não usar grão curto como risotto, sushi ou carolino		t	133	20
6169	6	unidades	6	U			t	33	20
6170	2	unidades	2	U			t	109	20
6171	8	dentes	8	U			t	15	20
6172	3	unidades	3	U			t	42	20
6173	1	colher de sopa	1	tbsp			t	107	20
6174	1	cubos	1	U			f	43	20
6175	2	polegar	2	U			t	41	20
6176	1	unidades	1	U			t	134	20
6177	2	colher de sopa	2	tbsp	oleo vegetal é OK		t	135	20
6178	1	colher de sopa	1	tbsp			f	132	20
6179	1	canecas	1	c	jasmin ou agulha	pessoalmente gosto de misturar agulha e basmati	t	138	21
6180	1	colher de sopa	1	tbsp			t	135	21
6181	2	tsp	2	tsp	molho de peixe ou omitir	cheira muito mal mas é normal	t	136	21
6182	1	unidades	1	U			t	134	21
6183	2	colher de sopa	2	tbsp	molho de soja com açucar mascavado		t	137	21
6184	1	tsp	1	tsp			t	45	21
6185	1	tsp	1	tsp			t	97	21
6186	4	dentes	4	U			t	15	21
6187	1	unidades	1	U			t	16	21
6188	1	cubos	1	U			f	43	21
6189	0.5	unidades	0.5	U			t	92	21
6190	1	unidades	1	U			f	91	21
6191	6	unidades	6	U			f	33	21
6192	1	unidades	1	U			f	124	21
6193	1	qb	1	qb			t	139	21
6194	6	unidades	6	U	coxa de frango fatiada ou peito de frango		t	103	21
6195	750	g	750	g			t	140	22
6196	5	colher de sopa	5	tbsp			t	53	22
6197	1	unidades	1	U			t	141	22
6198	3	unidades	3	U			t	142	22
6199	3	unidades	3	U			t	143	22
6200	3	unidades	3	U			t	144	22
6201	4	unidades	4	U	não é tradicional, mas já substitui por uma raspa de limão e fica bom (mas não igual)		t	145	22
6202	1	canecas	1	c			t	146	22
6203	2	tsp	2	tsp	pode substituir por METADE de concentrado de tamarindo ou tamarindo fresco	não confundir com o concentrado - é muito mais potente o concentrado	t	147	22
6204	6	unidades	6	U	substituir por mais raspa de limão ou a versão seca		t	148	22
6205	6	colher de sopa	6	tbsp			t	149	22
6206	1	qb	1	qb			t	1	22
6207	5	unidades	5	U			t	109	22
6210	2	unidades	2	U		ajustar o picante. Incluir sementes para mais picante	t	134	22
6211	12	unidades	12	U	cogumelos brancos		t	150	23
6212	2	unidades	2	U			t	33	23
6213	0.5	unidades	0.5	U			t	16	23
6214	0.5	canecas	0.5	c			t	151	23
6215	0.25	canecas	0.25	c			t	152	23
6216	0.5	tsp	0.5	tsp			t	1	23
6217	0.25	tsp	0.25	tsp	tomilho fresco		f	153	23
6218	0.25	tsp	0.25	tsp			f	9	23
6219	1	colher de sopa	1	tbsp			t	53	23
6220	4	unidades	4	U	qualquer pão fofinho - crocante não funciona bem		t	154	23
6221	0.25	unidades	0.25	U			t	90	23
6222	1	unidades	1	U			f	91	23
6223	2	colher de sopa	2	tbsp			f	155	23
6224	0.5	canecas	0.5	c	panko ou mais farinha		t	156	23
6225	500	g	500	g			t	2	24
6226	1	tsp	1	tsp			t	25	24
6227	1	tsp	1	tsp			t	26	24
6228	2	tsp	2	tsp			t	24	24
6229	1	tsp	1	tsp			t	23	24
6230	1	tsp	1	tsp			t	1	24
6231	1	unidades	1	U	ou meio pimento vermelho (para não picante) ou 1 malagueta vermelha		t	157	24
6232	1	unidades	1	U			t	158	24
6233	0.75	unidades	0.75	U	outra cebola serve		t	159	24
6234	0.33	molhos	0.33	u			t	32	24
6235	0.33	molhos	0.33	g			t	70	24
6236	0.5	unidades	0.5	U			t	86	24
6237	4	unidades	4	U	pode ser em pitas		t	89	24
6238	0.5	unidades	0.5	U			t	90	24
6239	0.5	unidades	0.5	U			t	91	24
6240	1	tsp	1	tsp			t	64	24
6241	0.5	unidades	0.5	U			t	92	24
6242	0.5	canecas	0.5	c			t	79	24
6243	0.5	unidades	0.5	U			t	59	24
6244	1.5	tsp	1.5	tsp			t	93	24
6245	1	colher de sopa	1	tbsp			t	10	24
6246	900	g	900	g			t	94	25
6247	2	unidades	2	U			t	5	25
6248	4	dentes	4	U			t	15	25
6249	1	polegar	1	U			t	41	25
6250	3	colher de sopa	3	tbsp			t	53	25
6251	3	colher de sopa	3	tbsp			t	160	25
6252	1.5	tsp	1.5	tsp			t	1	25
6253	0.5	tsp	0.5	tsp			t	9	25
6254	5	unidades	5	U		quatro se forem muito grandes	t	84	25
6255	400	g	400	g			t	146	25
6256	1	tsp	1	tsp			t	161	25
6257	0.33	molhos	0.33	g			t	70	25
6258	750	g	750	g			t	140	26
6259	3	colher de sopa	3	tbsp	ghee é melhor ainda		t	53	26
6260	2	unidades	2	U			t	16	26
6261	4	dentes	4	U			t	15	26
6262	1	polegar	1	U			t	41	26
6263	2	unidades	2	U		3 se forem pequenos	t	84	26
6264	3	colher de sopa	3	tbsp			t	79	26
6265	1	qb	1	qb			t	1	26
6266	1	unidades	1	U	cardamomo verde		t	162	26
6267	3	unidades	3	U			t	142	26
6268	1	unidades	1	U			t	141	26
6269	1	unidades	1	U			t	163	26
6270	1	tsp	1	tsp			t	23	26
6271	1.5	tsp	1.5	tsp			t	85	26
6272	1	tsp	1	tsp			t	97	26
6273	1.5	tsp	1.5	tsp	gochujaru ou paprika com um pouco de cayena - não é muito picante.	Ajustar picante a gosto	t	164	26
6274	0.5	tsp	0.5	tsp			t	161	26
6275	1	canecas	1	c			t	165	27
6276	1	pedaços	1	U			t	37	27
6277	200	g	200	g			t	51	27
6278	1	colher de sopa	1	tbsp			t	48	27
6279	1	unidades	1	U			t	42	27
6280	4	lombos	4	U			t	72	27
6281	2	colher de sopa	2	tbsp			t	166	27
6282	1	canecas	1	c			t	73	27
6283	0.5	unidades	0.5	U			t	126	27
6284	1	unidades	1	U			t	4	27
6285	1	tsp	1	tsp			t	38	27
6286	0.33	canecas	0.33	c			t	155	28
6287	2	latas	2	g			t	31	28
6288	1	talo	1	U			t	3	28
6289	2	unidades	2	U	cornichons		t	101	28
6290	0.25	unidades	0.25	U			t	125	28
6291	2	colher de sopa	2	tbsp			t	32	28
6292	1	qb	1	qb			t	1	28
6293	1	qb	1	qb			t	9	28
6294	0.5	tsp	0.5	tsp		ajustar o picante	t	108	28
6295	4	colher de sopa	4	tbsp	substitutos de manteiga OK		t	82	28
6296	1	unidades	1	U			t	158	28
6297	8	fatias	8	U			f	151	28
6298	0.5	unidades	0.5	U			t	59	28
6299	8	fatias	8	U			t	87	28
6300	2	tsp	2	tsp			f	27	28
6301	2	tsp	2	tsp			f	167	28
6302	1	colher de sopa	1	tbsp		ajustar o picante	t	168	29
6303	2	unidades	2	U			t	109	29
6304	1	colher de sopa	1	tbsp			t	160	29
6305	5	dentes	5	U			t	15	29
6306	400	g	400	g			t	146	29
6307	1	litro	1	ML			t	43	29
6308	4	unidades	4	U			t	103	29
6309	1	unidades	1	U		não é tradicional, para uma versao mais tradicional procurar bolos de peixe malaios	f	75	29
6310	150	g	150	g			f	104	29
6629	1	qb	1	qb			f	10	58
6311	1	colher de sopa	1	tbsp		cheira mal mas sem medo	t	169	29
6312	2	unidades	2	U			t	34	29
6313	1	colher de sopa	1	tbsp			t	53	29
6314	1	qb	1	qb			t	70	29
6315	1	unidades	1	U			t	124	29
6316	1	unidades	1	U			t	125	30
6317	5	unidades	5	U		eu uso de cacho	t	158	30
6318	2	colher de sopa	2	tbsp	ou ghee é melhor ainda		t	53	30
6319	5	dentes	5	U			t	15	30
6320	2	tsp	2	tsp			t	161	30
6321	2	tsp	2	tsp	guchujaru ou paprika+cayena		t	164	30
6322	2	tsp	2	tsp			t	97	30
6323	1.5	tsp	1.5	tsp			t	23	30
6324	1.5	tsp	1.5	tsp			t	85	30
6325	0.5	tsp	0.5	tsp			t	160	30
6326	1.5	tsp	1.5	tsp			t	1	30
6327	0.5	tsp	0.5	tsp			t	20	30
6328	2	colher de sopa	2	tbsp			t	79	30
6329	2	unidades	2	U	fica melhor com um de peito, um de coxa		t	94	30
6330	0.33	molhos	0.33	g			t	70	30
6331	6	unidades	6	U			t	170	31
6332	2	dentes	2	U			t	15	31
6333	0.75	canecas	0.75	c			t	79	31
6334	0.25	tsp	0.25	tsp			t	97	31
6335	2	tsp	2	tsp	paprika		t	164	31
6336	0.75	tsp	0.75	tsp			t	99	31
6337	2	colher de sopa	2	tbsp			t	1	31
6338	0.5	unidades	0.5	U			t	171	31
6339	2	tsp	2	tsp			t	59	31
6340	1	colher de sopa	1	tbsp			t	139	31
6341	1.5	canecas	1.5	c			t	138	31
6342	3	unidades	3	U			t	162	31
6343	3	unidades	3	U			t	143	31
6344	1	unidades	1	U			t	163	31
6345	4	unidades	4	U			t	141	31
6346	15	unidades	15	U			t	144	31
6347	2.5	colher de sopa	2.5	tbsp		de preferencia pretos	t	172	31
6348	3	tsp	3	tsp			t	142	31
6349	2	colher de sopa	2	tbsp			t	53	31
6350	50	g	50	g			t	13	31
6351	1	qb	1	qb	substituir por curcuma que é muito mais barato		t	173	31
6352	0.25	canecas	0.25	c			t	70	31
6353	0.33	canecas	0.33	c			t	174	31
6354	0.33	unidades	0.33	U			t	59	31
6355	3	colher de sopa	3	tbsp	ghee é melhor ainda		t	82	31
6356	0.25	canecas	0.25	c			t	175	31
6357	2	tsp	2	tsp			t	176	31
6358	1	tsp	1	tsp			t	9	31
6359	1	qb	1	qb			t	179	31
6360	1	kg	1	g			t	103	32
6361	1	unidades	1	U			t	124	32
6362	1	qb	1	qb			t	9	32
6363	1	qb	1	qb			t	1	32
6364	1	kg	1	g			t	177	32
6365	1	unidades	1	U			t	163	32
6366	3	unidades	3	U			t	16	32
6367	400	g	400	g			t	146	32
6368	400	g	400	g			t	18	32
6369	1	unidades	1	U			t	17	32
6370	1	molhos	1	u			t	32	32
6371	2	colher de sopa	2	tbsp			t	10	33
6372	2	unidades	2	U	mais coxas de frango		t	94	33
6373	2	unidades	2	U	mais peitos de frango		t	96	33
6374	1	unidades	1	U			t	125	33
6375	1	qb	1	qb			t	1	33
6376	1	unidades	1	U			t	5	33
6377	1.5	tsp	1.5	tsp			t	23	33
6378	1.5	tsp	1.5	tsp			t	85	33
6379	1	tsp	1	tsp			t	24	33
6380	1.5	tsp	1.5	tsp	por mais paprika fumada + flocos de malagueta		f	120	33
6381	4	dentes	4	U			t	15	33
6382	0.5	molhos	0.5	g			t	70	33
6383	4	unidades	4	U			t	89	33
6384	400	g	400	g			t	18	33
6385	4	colher de sopa	4	tbsp	vache que ri		t	79	33
6386	1	tsp	1	tsp			t	1	34
6387	1	tsp	1	tsp			t	27	34
6388	1	tsp	1	tsp			t	26	34
6389	2	tsp	2	tsp			t	23	34
6390	2	tsp	2	tsp			t	24	34
6391	2	tsp	2	tsp	1 tsp de cayena ou outro picante em pó		t	120	34
6392	0.5	colher de sopa	0.5	tbsp			t	10	34
6393	0.25	tsp	0.25	tsp			t	9	34
6394	2	tsp	2	tsp			t	15	34
6395	1	unidades	1	U			t	125	34
6396	500	g	500	g			t	2	34
6397	2	colher de sopa	2	tbsp			t	7	34
6398	0.5	unidades	0.5	U	couve rouxa		t	180	34
6399	0.5	canecas	0.5	c			t	181	34
6400	1	lata pequena	1	g			t	66	34
6401	3	unidades	3	U			t	158	34
6402	1	qb	1	qb			f	70	34
6403	1	canecas	1	c			t	133	34
6404	150	g	150	g			f	122	34
6405	1	unidades	1	U			t	17	34
6406	3	unidades	3	U			t	182	35
6407	1	unidades	1	U			t	5	35
6408	5	unidades	5	U			t	33	35
6409	3	canecas	3	c		depende do tamanho da frigideira	t	10	35
6410	16	unidades	16	U			t	103	36
6411	8	dentes	8	U			t	15	36
6412	4	unidades	4	U			t	183	36
6413	0.33	copo	0.33	c			t	110	36
6414	1	qb	1	qb			t	1	36
6415	0.5	unidades	0.5	U	ou outro pão artesanal		t	184	36
6416	0.33	copo	0.33	c			t	10	36
6417	1	kg	1	g			t	104	37
6418	6	dentes	6	U			t	15	37
6419	1	molhos	1	g			t	70	37
6420	0.5	copo	0.5	c			t	110	37
6421	1.5	colher de sopa	1.5	tbsp			t	10	37
6422	1	qb	1	qb		eu ponho metade de um limão mal espremido e provo. Depois corrijo se quiser mais	t	59	37
6423	6	fatias	6	U	de preferencia rustico e fatiado mas algo como baguette pode funcionar		t	87	37
6424	1	qb	1	qb			t	1	37
6425	1	qb	1	qb			t	9	37
6426	60	g	60	g			t	185	38
6427	26	g	26	g	eu uso caju porque sou alergico a pinhão		t	186	38
6428	0.5	tsp	0.5	tsp			t	1	38
6429	0.25	tsp	0.25	tsp			t	9	38
6430	2	dentes	2	U			t	15	38
6431	0.25	canecas	0.25	c			t	10	38
6432	20	g	20	g			t	187	38
6433	2	doses	2	g	ou outra massa. Massa curta funciona melhor mas até esparguete serve		t	188	38
6434	650	g	650	g			t	152	39
6435	1	colher de sopa	1	tbsp			t	1	39
6436	1.3	colher de sopa	1.3	tbsp			t	20	39
6437	1	colher de sopa	1	tbsp			t	189	39
6438	4	colher de sopa	4	tbsp			t	10	39
6439	800	g	800	g			t	18	39
6440	2	tsp	2	tsp			t	27	39
6441	5	unidades	5	U			t	190	39
6442	32	g	32	g			t	187	39
6443	40	g	40	g			t	185	39
6444	250	g	250	g			t	138	40
6445	1	kg	1	g			t	191	40
6446	1	qb	1	qb			t	1	40
6447	5	dentes	5	U			t	15	40
6448	1	unidades	1	U			t	16	40
6449	2	unidades	2	U			t	163	40
6450	1	unidades	1	U			t	84	40
6451	0.5	colher de sopa	0.5	tbsp			t	7	40
6452	1	qb	1	qb			t	9	40
6453	1	qb	1	qb			t	10	40
6454	1	kg	1	g			t	87	41
6455	800	g	800	g			t	103	41
6456	1	qb	1	qb			t	70	41
6457	0.2	tsp	0.2	tsp		não é para ser picante!!	t	108	41
6458	4	dentes	4	U			t	15	41
6459	2	unidades	2	U			t	33	41
6460	1	qb	1	qb			t	10	41
6461	1	unidades	1	U			t	84	41
6462	0.5	colher de sopa	0.5	tbsp			t	7	41
6463	1	qb	1	qb			t	9	41
6464	1	qb	1	qb			t	1	41
6465	250	g	250	g			t	192	42
6466	2	tsp	2	tsp			t	165	42
6467	1	latas	1	g			t	31	42
6468	8	filetes	8	U			t	113	42
6469	2	unidades	2	U			t	84	42
6470	1	colher de sopa	1	tbsp			t	7	42
6471	1	qb	1	qb			t	10	42
6472	2	dentes	2	U			t	15	42
6473	1	unidades	1	U			t	125	42
6474	1	talo	1	U			t	3	42
6475	0.5	tsp	0.5	tsp			t	27	42
6476	2	colher de sopa	2	tbsp			t	13	42
6477	1	colher de sopa	1	tbsp	sementes de coentros em pó,		t	175	43
6478	1	dentes	1	U			t	15	43
6479	1	qb	1	qb			t	1	43
6480	1.5	unidades	1.5	U			t	59	43
6481	1	colher de sopa	1	tbsp			t	24	43
6482	1	colher de sopa	1	tbsp			t	153	43
6483	1	qb	1	qb			t	9	43
6484	100	ml	100	ML			t	10	43
6485	600	g	600	g			t	96	43
6486	0.5	unidades	0.5	U			t	90	43
6487	0.5	unidades	0.5	U			t	91	43
6488	1	tsp	1	tsp			t	64	43
6489	0.5	unidades	0.5	U			t	92	43
6490	0.5	canecas	0.5	c			t	79	43
6491	1.5	tsp	1.5	tsp			t	93	43
6492	3	unidades	3	U			t	89	43
6493	2	unidades	2	U			t	182	43
6494	200	g	200	g			t	193	44
6495	2	unidades	2	U			t	42	44
6496	1	unidades	1	U			t	109	44
6497	2	colher de sopa	2	tbsp	açucar de cana		t	194	44
6498	2.5	colher de sopa	2.5	tbsp			t	169	44
6499	2	colher de sopa	2	tbsp	concentrado de tamarindo mas metade ou tamarindo fresco		t	147	44
6500	0.5	colher de sopa	0.5	tbsp			t	45	44
6501	2	unidades	2	U			t	96	44
6502	6	unidades	6	U			t	103	44
6503	1	canecas	1	c			t	128	44
6504	2	colher de sopa	2	tbsp			t	195	44
6505	4	unidades	4	U	pode substituir 2 por tofu		t	33	44
6506	420	g	420	g			t	178	2
6507	2	postas	2	U			t	196	46
6508	500	g	500	g			t	197	47
6509	3000	g	3000	g			t	198	47
6510	450	g	450	g			t	199	47
6511	2	unidades	2	u			t	5	47
6512	1	unidades	1	u		grande	t	41	47
6513	1	unidades	1	u			t	141	47
6514	4	unidades	4	u			t	143	47
6515	5	unidades	5	u			t	142	47
6516	20	g	20	g			t	175	47
6517	2	colheres de sopa	2	tbsp			t	169	47
6518	30	g	30	g			t	20	47
6519	1	qb	1	qb			t	70	47
6520	1	unidades	1	u			t	134	47
6521	1	tsp	1	tsp			t	176	47
6522	2	unidades	2	u			t	144	47
6523	2	unidades	1	u			t	162	47
6524	2	tbsp	2	tbsp			t	53	47
6525	0.5	cups	0.5	c			f	128	47
6526	1	unidades	1	u			f	124	47
6527	1	unidades	1	u			f	159	47
6528	2	unidades	2	u			f	94	48
6529	1	unidades	1	u			f	121	48
6530	1	unidades	1	u			f	17	48
6531	200	ml	200	ml			f	18	48
6532	1	unidades	1	u	outra cebola serve		f	125	48
6533	4	unidades	4	u			f	15	48
6534	1	tbsp	1	tbsp			f	25	48
6535	1	tbsp	1	tbsp			f	26	48
6536	1	tsp	1	tsp			f	27	48
6537	1	tbsp	1	tbsp			f	24	48
6538	1	tbsp	1	tbsp			f	22	48
6539	1	tbsp	1	tbsp			f	23	48
6540	6	unidades	6	u			f	89	48
6541	1	qb	1	qb			f	122	48
6542	1	tbsp	1	tbsp			f	119	48
6543	2	tbsp	1	tbsp			f	120	48
6544	1	unidades	1	u			f	124	48
6545	4	doses	4	u			f	115	49
6546	3	unidades	3	u			f	84	49
6547	1	unidades	1	u			f	3	49
6548	1	unidades	1	u			f	4	49
6549	1	unidades	1	u			f	5	49
6550	1	tbsp	1	tbsp			f	7	49
6551	1	lata	1	u			f	31	49
6552	2	unidades	2	u			f	57	50
6553	600	g	600	g			f	200	51
6554	500	g	500	g			f	140	52
6555	330	ml	330	ml			f	201	52
6556	2	unidades	2	u			f	5	52
6557	1	unidades	1	u			f	142	52
6558	1	fatias	1	u			f	87	52
6559	1	tbsp	1	tbsp			f	202	52
6560	1	tbsp	1	tbsp			f	58	52
6561	2	unidades	2	u			f	163	52
6562	1	tsp	1	tsp			f	153	52
6563	2	unidades	2	u			f	15	52
6564	2	tbsp	2	tbsp			f	82	52
6565	2	tbsp	2	tbsp			f	19	52
6566	1	quadrado	1	u			f	29	52
6567	650	g	650	g			t	152	55
6568	1	colher de sopa	1	tbsp			t	1	55
6569	1.3	colher de sopa	1.3	tbsp			t	20	55
6570	1	colher de sopa	1	tbsp			t	189	55
6571	4	colher de sopa	4	tbsp			t	10	55
6572	800	g	800	g			t	18	55
6573	2	tsp	2	tsp			t	27	55
6574	5	unidades	5	U			t	190	55
6575	32	g	32	g			t	187	55
6576	2	latas	2	u			f	31	55
6577	1	unidades	1	u			f	125	55
6578	1	tbsp	1	tbsp			f	9	54
6579	0.5	tbsp	0.5	tbsp			f	46	54
6580	2	unidades	2	u			f	57	54
6581	0.25	tbsp	0.25	tbsp			f	203	54
6582	0.5	tbsp	0.5	tbsp			f	204	54
6583	1	tsp	1	tsp			f	1	54
6584	2	tbsp	2	tbsp			f	82	54
6585	1	unidades	1	u			f	109	54
6586	1	tsp	1	tsp			f	202	54
6587	0.5	cups	0.5	c	cream		f	13	54
6588	0.25	cups	0.25	c			f	205	54
6589	2	tbsp	2	tbsp			f	53	54
6590	20	unidades	8	u	pode substituir 6 por lagostins		f	103	53
6591	200	g	200	g			f	200	53
6592	100	g	100	g			f	104	53
6593	3	unidades	2	u			f	15	53
6594	1	unidades	1	u			f	5	53
6595	20	g	20	g			f	32	53
6596	1	unidades	1	u			f	84	53
6597	1	unidades	1	u	pode substituir por outro pimento seco		f	206	53
6598	1	qb	1	qb			f	1	53
6599	2	tbsp	2	tbsp			f	10	53
6600	320	g	320	g			f	102	53
6601	3	cups	3	c			f	111	53
6602	1	qb	1	qb			t	1	56
6603	400	g	400	g			t	2	56
6604	60	g	60	g			t	3	56
6605	60	g	60	g			t	4	56
6606	60	g	60	g			t	5	56
6607	150	g	150	g	Bacon		t	6	56
6608	1	colher de sopa	1	tbsp			t	7	56
6609	1	copo	1	c			t	8	56
6610	1	qb	1	qb			t	9	56
6611	3	colher de sopa	3	tbsp			t	10	56
6612	200	g	200	g	eu gosto de substituir por 3 ou 4 tomates frescos passados num blender		t	11	56
6613	200	g	200	g			t	12	56
6614	100	ml	100	ml			t	13	56
6615	500	g	500	g			f	207	56
6616	400	ml	400	ml			f	208	56
6617	2	cups	2	c			f	122	56
6618	1	kg	1000	g			f	104	57
6619	1	unidades	1	u			f	15	57
6620	1	tbsp	1	tbsp			f	10	57
6621	1	qb	1	qb			f	1	57
6622	1	qb	1	qb			f	9	57
6623	1	molhos	1	u			f	32	57
6624	1	bunch	1	u			f	185	58
6625	250	g	250	g			f	84	58
6626	400	g	400	g			f	17	58
6627	1	qb	1	qb			f	9	58
6628	1	qb	1	qb			f	1	58
6630	1	unidades	1	u			f	15	58
6631	320	g	320	g			f	192	58
6632	2	unidades	2	u			f	94	59
6633	3	tbsp	3	tbsp			f	53	59
6634	1	unidades	1	u			f	33	59
6635	0.5	cups	0.5	c			f	55	59
6636	0.5	tsp	0.5	tsp			f	1	59
6637	1	unidades	1	u			f	209	59
6638	2	dentes	2	u			f	15	59
6639	0.5	unidades	0.5	u			f	159	59
6640	1	unidades	1	u			f	17	59
6641	3	unidades	3	u	pode substituir por outra massa de trigo		f	34	60
6642	1	tbsp	1	tbsp			f	53	60
6643	250	g	250	g			f	54	60
6644	2	tbsp	2	tbsp			f	52	60
6645	2.5	tbsp	2.5	tbsp			f	44	60
6646	0.5	tsp	0.5	tsp			f	45	60
6647	1	tbsp	1	tbsp			f	195	60
6648	1	unidades	1	u			f	210	60
6649	3	tsp	3	tsp			f	211	60
6650	1	tbsp	1	tbsp			f	212	60
6651	2	dentes	2	u			f	15	60
6652	1	tsp	1	tsp			f	50	60
6653	1	tsp	1	tsp			f	52	61
6654	1	unidades	1	u			f	33	61
6655	1.5	tbsp	1.5	tbsp			f	55	61
6656	3	tbsp	1	tbsp			f	53	61
6657	1	tbsp	1	tbsp			f	44	61
6658	1	tsp	1	tsp			f	45	61
6659	1	tbsp	1	tbsp			f	130	61
6660	1	tsp	1	tsp			f	132	61
6661	0.5	tsp	0.5	tsp			f	20	61
6662	2	unidades	2	u			f	94	61
6663	1	unidades	1	u			f	4	61
6664	1	unidades	1	u			f	5	61
6665	2	unidades	2	u			f	15	61
6666	5	unidades	5	u			f	214	61
6667	0.5	cups	0.5	c			f	43	61
6668	1	unidades	1	u			f	17	61
6669	250	g	250	g			f	54	62
6670	250	g	150	g		e so 150 em carne camarao	f	103	62
6671	0.5	tbsp	0.5	tbsp			f	52	62
6672	1	qb	1	qb			f	46	62
6673	1	tsp	1	tsp			f	20	62
6674	1	tbsp	1	tbsp			f	55	62
6675	4	unidades	4	u			f	40	62
6676	1	tsp	1	tsp			f	215	62
6677	1	tbsp	1	tbsp			f	132	62
6678	20	unidades	20	u			f	216	62
6679	1	tbsp	1	tbsp			f	44	62
6680	1	tbsp	1	tbsp			f	212	62
6681	1	tbsp	1	tbsp			f	213	62
6682	10	unidades	10	u			f	217	63
6683	1	cups	1	c			f	73	63
6684	1	folha	1	u			f	47	63
6685	0.5	tsp	0.5	tsp			f	220	63
6686	3	tbsp	3	tbsp			f	219	63
6687	1	tsp	1	tsp			f	44	63
6688	1	qb	1	qb			f	132	63
6689	2	tsp	2	tsp			f	76	63
6690	1	unidades	1	u			f	42	63
6691	1	tbsp	1	tbsp			f	38	63
6692	1	unidades	1	U			f	84	64
6693	1	unidades	1	u			f	42	64
6694	0.25	tsp	0.25	tsp			f	25	64
6695	0.25	tsp	0.25	tsp			f	9	64
6696	4	fatias	4	u			f	221	64
6697	2	tsp	2	tsp			f	82	64
6698	4	folhas	60	g			f	90	64
6699	120	g	120	g			f	222	64
6700	0.5	unidades	0.5	u			f	67	64
6701	4	fatias	4	u			f	224	64
6702	1	tbsp	1	tbsp		o molho nao leva mas fica melhor	f	223	65
6703	0.25	cups	0.25	c			f	155	65
6704	0.5	unidades	0.5	u			f	5	65
6705	1	tsp	1	tsp			f	225	65
6706	0.5	tsp	0.5	tsp			f	226	65
6707	0.5	tsp	0.5	tsp			f	20	65
6708	0.5	tsp	0.5	tsp			f	22	65
6709	0.125	tsp	0.125	tsp			f	1	65
6710	0.125	tsp	0.125	tsp			f	25	65
6711	0.125	tsp	0.125	tsp			f	26	65
6712	2	unidades	2	u			f	154	65
6713	2	unidades	2	u	ou carne picada		f	227	65
6714	2	unidades	2	u			f	101	65
6715	0.5	unidades	0.5	u			f	84	65
6716	2	folhas	30	g			f	90	65
6717	1	cups	1	c			f	79	66
6718	3	tsp	3	tsp			f	1	66
6719	2	tsp	2	tsp			f	22	66
6720	2.25	tbsp	2.25	tbsp			f	161	66
6721	8	dentes	8	u			f	15	66
6722	2	tbsp	2	tbsp			f	41	66
6723	900	g	900	g	ou coxas		f	94	66
6724	3	tbsp	3	tbsp			f	53	66
6725	2	tsp	2	tsp			f	20	66
6726	425	g	425	g			f	18	66
6727	240	ml	240	ml			f	228	66
6728	1	qb	1	qb			f	70	66
6729	4	unidades	4	u			f	229	67
6730	8	fatias	8	u			f	230	67
6731	6	unidades	6	u			f	69	67
6732	120	g	120	g			f	231	67
6733	2	unidades	2	u			f	94	68
6734	100	g	100	g		tem de ser em oleo	f	232	68
6735	5	dentes	5	u			f	15	68
6736	1	tbsp	1	tbsp			f	202	68
6737	250	ml	250	ml			f	228	68
6738	1	tbsp	1	tbsp			f	10	68
6739	2	cups	2	c			f	233	68
6740	0.5	cups	0.5	c			f	187	68
6741	30	g	30	g			f	10	70
6742	1	dentes	1	u			f	15	70
6743	1	qb	1	qb			f	1	70
6744	1	bunch	1	u			f	185	70
6745	500	g	500	g			f	234	70
6746	800	g	800	g			f	18	70
6747	2	unidades	2	u			f	235	71
6748	240	g	240	g			f	61	71
6749	300	g	300	g		crua, deve perder peso depois de cozida	f	236	71
6750	2	unidades	2	u			f	33	71
6751	2	unidades	2	u			f	4	71
6752	1	qb	1	qb			f	10	71
6753	1	unidades	1	u			f	235	72
6754	5	unidades	5	u			f	33	72
6755	2	unidades	2	u		1 se for muito grande	f	5	72
6756	4	unidades	4	u			f	15	72
6757	1	tbsp	1	tbsp			f	114	72
6758	1	qb	1	qb			f	32	72
6759	200	g	200	g			f	237	72
6760	24	unidades	24	u			f	238	73
6761	3	unidades	3	u			f	84	73
6762	1	tbsp	1	tbsp			f	7	73
6763	1.5	tbsp	1.5	tbsp			f	22	73
6764	1	unidades	1	u			f	5	73
6765	4	unidades	4	u			f	15	73
6766	0.25	cups	0.25	c	mais agulha		f	138	73
6767	0.5	cups	0.5	c			f	133	73
6768	0.25	cups	0.25	c	mais agulha		f	239	73
6769	1.5	tbsp	1.5	tbsp			f	10	73
6770	500	g	500	g		devem ser 4 mimos	f	75	74
6771	2	cups	2	c			f	240	74
6772	1	qb	1	qb		de preferencia spray	f	53	74
6773	4	fatias	4	u			f	241	74
6774	4	unidades	4	u			f	242	74
6775	1	unidades	1	u			f	33	74
6776	1	tbsp	1	tbsp			f	202	74
6777	1	tbsp	1	tbsp			f	152	74
6778	0.75	tsp	0.75	tsp			f	1	74
6779	1	qb	1	qb			f	9	74
6780	220	g	220	g			f	155	74
6781	1	pickle grande	1	u			f	101	74
6782	1	tsp	1	tsp			f	32	74
6783	1	tsp	1	tsp			f	112	74
6784	1.5	tbsp	1.5	tbsp			f	59	74
6785	1	tsp	1	tsp			f	226	74
6786	2	unidades	2	u			f	57	75
6787	2	tbsp	2	tbsp			f	82	75
6788	1	qb	1	qb			f	10	75
6789	3	unidades	3	u			f	15	75
6790	1	qb	1	qb			f	110	75
6791	3	unidades	3	u			f	163	75
6792	1	tbsp	1	tbsp			f	225	75
6793	2	unidades	2	u			f	33	75
6794	2	unidades	2	u			f	182	75
6795	1	cups	1	c			f	19	75
6796	1	qb	1	qb			f	1	75
6797	500	g	500	g			f	2	76
6798	1	unidades	1	u			f	5	76
6799	1	unidades	0.5	u			f	17	76
6800	1	unidades	1	u			f	32	76
6801	6	unidades	6	u			f	89	76
6802	1	unidades	1	u			f	123	76
6803	1	tsp	1	tsp			f	243	76
6804	1	tsp	1	tsp			f	172	76
6805	1	tsp	1	tsp			f	175	76
6806	1	tsp	1	tsp			f	22	76
6807	1	tsp	1	tsp			f	24	76
6808	1	tsp	1	tsp			f	120	76
6809	1	tsp	1	tsp			f	65	76
6810	2	unidades	2	u			f	15	76
6811	1	tsp	1	tsp			f	1	76
6812	0.5	unidades	0.5	u			f	86	76
6813	4	unidades	4	u			f	94	69
6814	200	ml	200	ml			f	228	69
6815	1	unidades	1	u			f	244	69
6816	1	unidades	1	u			f	245	69
6817	250	g	250	g			f	152	77
6818	1	g	1	g			f	189	77
6819	1	qb	1	qb			f	1	77
6820	250	g	250	g			f	2	77
6821	1	unidades	1	u			f	5	77
6822	1	unidades	1	u			f	246	77
6823	1	unidades	1	u			f	32	77
6824	2	g	2	g			f	153	77
6825	1	unidades	1	u		grande	f	158	77
6826	0.5	cups	0.5	c			f	133	78
6827	0.5	cups	0.5	c			f	138	78
6828	0.75	cups	0.75	c			f	118	78
6829	0.5	cups	0.5	c			f	10	78
6830	1	unidades	1	u			f	141	78
6831	1	tsp	1	tsp			f	175	78
6832	0.5	tsp	0.5	tsp			f	97	78
6833	0.25	tsp	0.25	tsp			f	9	78
6834	1.5	unidades	1.5	u			f	5	78
6835	1	tbsp	1	tbsp			f	226	78
6836	1	tbsp	1	tbsp			f	59	78
6837	1	bunch	1	u			f	70	78
6838	2	tbsp	2	tbsp			f	247	78
6839	2	tbsp	2	tbsp			f	248	78
6840	1	qb	1	qb			f	53	79
6841	0.5	cups	0.5	c			f	248	79
6842	2	unidades	2	u			f	4	79
6843	1	unidades	1	u			f	141	79
6844	3	unidades	3	u			f	163	79
6845	2	unidades	2	u			f	249	79
6846	4	unidades	4	u			f	170	79
6847	4	unidades	4	u			f	250	79
6848	1	tsp	1	tsp			f	172	79
6849	1	tsp	1	tsp			f	175	79
6850	2	unidades	2	u			f	158	79
6851	1	tsp	1	tsp			f	97	79
6852	3	tsp	3	tsp			f	1	79
6853	1	unidades	1	u			f	43	79
6854	2	tbsp	2	tbsp			f	7	79
6855	2	unidades	2	u			f	80	80
6856	1	qb	1	qb			f	10	80
6857	0.5	tsp	0.5	tsp			f	24	80
6858	1	qb	1	qb			f	1	80
6859	180	g	180	g		drained	f	61	80
6860	0.5	tsp	0.5	tsp			f	172	80
6861	0.5	tsp	0.5	tsp			f	175	80
6862	1	qb	1	qb			f	9	80
6863	3	unidades	3	u			f	95	80
6864	1	cups	1	c			f	79	80
6865	1.5	tbsp	1.5	tbsp			f	63	80
6866	1	unidades	1	u			f	15	80
6867	0.5	unidades	0.5	u			f	59	80
6868	1	qb	1	qb			f	251	80
6869	1	unidades	1	u			f	252	80
6870	1	tsp	1	tsp			f	64	80
6871	8	unidades	8	u			f	247	80
6872	500	g	500	g		pode ser peito	f	96	81
6873	4	tbsp	4	tbsp			f	10	81
6874	1	tbsp	1	tbsp			f	79	81
6875	2	unidades	2	u			f	15	81
6876	1	tsp	1	tsp			f	172	81
6877	1	tsp	1	tsp			f	175	81
6878	1	tsp	1	tsp			f	22	81
6879	0.5	tsp	0.5	tsp			f	97	81
6880	0.5	tsp	0.5	tsp			f	141	81
6881	0.5	tsp	0.5	tsp			f	9	81
6882	0.5	tsp	0.5	tsp			f	1	81
6883	1.5	unidades	1.5	u			f	59	81
6884	2	unidades	2	u			f	80	81
6885	2	tbsp	2	tbsp			f	63	81
6886	1	qb	1	qb			f	251	81
6887	4	unidades	4	u			f	229	82
6888	3	unidades	3	u			f	190	82
6889	1	bunch	1	u			f	185	82
6890	1	qb	1	qb			f	10	82
6891	1	tbsp	1	tbsp			f	232	82
6892	6	unidades	6	u			f	69	82
6893	1	tsp	1	tsp			f	9	45
6894	4	unidades	4	u		mais coxas	f	170	45
6895	4	unidades	4	u		mais pernas	f	250	45
6896	0.3	cups	0.3	c			f	44	45
6897	3	unidades	3	u			f	163	45
6898	0.25	cups	0.25	c			f	226	45
6899	1	unidades	1	u			f	42	45
6900	3	unidades	3	u			f	15	45
6901	2.5	tbsp	2.5	tbsp	mascavado, amarelo ou cana de preferencia		f	20	45
6902	1	unidades	1	u	grande		f	16	45
\.


--
-- Data for Name: meals_menu; Type: TABLE DATA; Schema: public; Owner: postgres
--

COPY public.meals_menu (id, created_at, is_active, household_id) FROM stdin;
1	2025-09-13 14:59:31.915496+01	f	1
8	2025-09-20 23:09:31.127693+01	f	1
9	2025-09-20 23:14:18.091439+01	f	1
10	2025-09-20 23:34:24.396216+01	f	1
11	2025-09-20 23:34:44.60876+01	f	1
12	2025-09-20 23:35:03.092624+01	f	1
13	2025-09-20 23:49:27.056864+01	f	1
14	2025-09-20 23:49:32.433781+01	f	1
15	2025-09-20 23:50:13.950325+01	f	1
16	2025-09-20 23:50:47.05606+01	f	1
17	2025-09-20 23:50:56.375112+01	f	1
18	2025-09-20 23:51:36.732151+01	f	1
19	2025-09-20 23:52:49.768856+01	f	1
20	2025-09-21 13:10:41.746233+01	f	1
21	2025-09-21 13:41:41.440068+01	f	1
22	2025-09-21 13:41:45.295501+01	f	1
23	2025-09-21 13:42:05.075778+01	f	1
24	2025-09-21 13:42:12.924729+01	f	1
25	2025-09-21 13:58:35.888094+01	f	1
26	2025-09-21 13:58:50.468315+01	f	1
27	2025-09-21 21:36:08.850265+01	f	1
28	2025-09-22 14:04:38.666068+01	f	1
29	2025-09-22 23:15:52.389428+01	f	1
30	2025-09-24 21:27:28.424786+01	f	1
31	2026-01-23 21:14:14.948402+00	f	1
32	2026-01-23 21:16:24.056786+00	f	1
33	2026-01-23 21:17:21.58305+00	f	1
34	2026-01-23 21:18:21.539979+00	f	1
35	2026-01-23 21:18:45.555784+00	f	1
36	2026-01-23 21:19:00.85948+00	f	1
37	2026-01-23 21:21:06.46675+00	f	1
38	2026-01-23 21:21:26.061358+00	f	1
39	2026-01-23 21:24:32.335641+00	f	1
40	2026-01-23 21:25:08.953126+00	f	1
41	2026-01-23 21:26:38.149964+00	f	1
42	2026-01-23 21:27:09.444078+00	f	1
43	2026-01-23 21:50:30.956947+00	f	1
45	2026-01-23 21:55:16.06012+00	t	1
\.


--
-- Data for Name: meals_menumeal; Type: TABLE DATA; Schema: public; Owner: postgres
--

COPY public.meals_menumeal (id, state, state_updated_at, meal_id, menu_id, day_number, meal_type) FROM stdin;
\.


--
-- Data for Name: meals_nutritiontoken; Type: TABLE DATA; Schema: public; Owner: postgres
--

COPY public.meals_nutritiontoken (id, name, description) FROM stdin;
3	fish	.
4	seafood	.
5	veggies	.
6	legumes	.
1	red_meat	.
2	white_meat	.
\.


--
-- Name: auth_group_id_seq; Type: SEQUENCE SET; Schema: public; Owner: postgres
--

SELECT pg_catalog.setval('public.auth_group_id_seq', 1, false);


--
-- Name: auth_group_permissions_id_seq; Type: SEQUENCE SET; Schema: public; Owner: postgres
--

SELECT pg_catalog.setval('public.auth_group_permissions_id_seq', 1, false);


--
-- Name: auth_permission_id_seq; Type: SEQUENCE SET; Schema: public; Owner: postgres
--

SELECT pg_catalog.setval('public.auth_permission_id_seq', 72, true);


--
-- Name: auth_user_groups_id_seq; Type: SEQUENCE SET; Schema: public; Owner: postgres
--

SELECT pg_catalog.setval('public.auth_user_groups_id_seq', 1, false);


--
-- Name: auth_user_id_seq; Type: SEQUENCE SET; Schema: public; Owner: postgres
--

SELECT pg_catalog.setval('public.auth_user_id_seq', 1, false);


--
-- Name: auth_user_user_permissions_id_seq; Type: SEQUENCE SET; Schema: public; Owner: postgres
--

SELECT pg_catalog.setval('public.auth_user_user_permissions_id_seq', 1, false);


--
-- Name: django_admin_log_id_seq; Type: SEQUENCE SET; Schema: public; Owner: postgres
--

SELECT pg_catalog.setval('public.django_admin_log_id_seq', 1, false);


--
-- Name: django_content_type_id_seq; Type: SEQUENCE SET; Schema: public; Owner: postgres
--

SELECT pg_catalog.setval('public.django_content_type_id_seq', 16, true);


--
-- Name: django_migrations_id_seq; Type: SEQUENCE SET; Schema: public; Owner: postgres
--

SELECT pg_catalog.setval('public.django_migrations_id_seq', 31, true);


--
-- Name: meals_household_id_seq; Type: SEQUENCE SET; Schema: public; Owner: postgres
--

SELECT pg_catalog.setval('public.meals_household_id_seq', 1, false);


--
-- Name: meals_householdingredient_id_seq; Type: SEQUENCE SET; Schema: public; Owner: postgres
--

SELECT pg_catalog.setval('public.meals_householdingredient_id_seq', 699, true);


--
-- Name: meals_ingredient_id_seq; Type: SEQUENCE SET; Schema: public; Owner: postgres
--

SELECT pg_catalog.setval('public.meals_ingredient_id_seq', 252, true);


--
-- Name: meals_ingredientnutritiontoken_id_seq; Type: SEQUENCE SET; Schema: public; Owner: postgres
--

SELECT pg_catalog.setval('public.meals_ingredientnutritiontoken_id_seq', 87, true);


--
-- Name: meals_ingredientunitconversion_id_seq; Type: SEQUENCE SET; Schema: public; Owner: postgres
--

SELECT pg_catalog.setval('public.meals_ingredientunitconversion_id_seq', 2094, true);


--
-- Name: meals_mealingredient_id_seq; Type: SEQUENCE SET; Schema: public; Owner: postgres
--

SELECT pg_catalog.setval('public.meals_mealingredient_id_seq', 6902, true);


--
-- Name: meals_menu_id_seq; Type: SEQUENCE SET; Schema: public; Owner: postgres
--

SELECT pg_catalog.setval('public.meals_menu_id_seq', 45, true);


--
-- Name: meals_menumeal_id_seq; Type: SEQUENCE SET; Schema: public; Owner: postgres
--

SELECT pg_catalog.setval('public.meals_menumeal_id_seq', 290, true);


--
-- Name: meals_nutritiontoken_id_seq; Type: SEQUENCE SET; Schema: public; Owner: postgres
--

SELECT pg_catalog.setval('public.meals_nutritiontoken_id_seq', 1, false);


--
-- Name: meals_recipe_id_seq; Type: SEQUENCE SET; Schema: public; Owner: postgres
--

SELECT pg_catalog.setval('public.meals_recipe_id_seq', 375, true);


--
-- Name: auth_group auth_group_name_key; Type: CONSTRAINT; Schema: public; Owner: postgres
--

ALTER TABLE ONLY public.auth_group
    ADD CONSTRAINT auth_group_name_key UNIQUE (name);


--
-- Name: auth_group_permissions auth_group_permissions_group_id_permission_id_0cd325b0_uniq; Type: CONSTRAINT; Schema: public; Owner: postgres
--

ALTER TABLE ONLY public.auth_group_permissions
    ADD CONSTRAINT auth_group_permissions_group_id_permission_id_0cd325b0_uniq UNIQUE (group_id, permission_id);


--
-- Name: auth_group_permissions auth_group_permissions_pkey; Type: CONSTRAINT; Schema: public; Owner: postgres
--

ALTER TABLE ONLY public.auth_group_permissions
    ADD CONSTRAINT auth_group_permissions_pkey PRIMARY KEY (id);


--
-- Name: auth_group auth_group_pkey; Type: CONSTRAINT; Schema: public; Owner: postgres
--

ALTER TABLE ONLY public.auth_group
    ADD CONSTRAINT auth_group_pkey PRIMARY KEY (id);


--
-- Name: auth_permission auth_permission_content_type_id_codename_01ab375a_uniq; Type: CONSTRAINT; Schema: public; Owner: postgres
--

ALTER TABLE ONLY public.auth_permission
    ADD CONSTRAINT auth_permission_content_type_id_codename_01ab375a_uniq UNIQUE (content_type_id, codename);


--
-- Name: auth_permission auth_permission_pkey; Type: CONSTRAINT; Schema: public; Owner: postgres
--

ALTER TABLE ONLY public.auth_permission
    ADD CONSTRAINT auth_permission_pkey PRIMARY KEY (id);


--
-- Name: auth_user_groups auth_user_groups_pkey; Type: CONSTRAINT; Schema: public; Owner: postgres
--

ALTER TABLE ONLY public.auth_user_groups
    ADD CONSTRAINT auth_user_groups_pkey PRIMARY KEY (id);


--
-- Name: auth_user_groups auth_user_groups_user_id_group_id_94350c0c_uniq; Type: CONSTRAINT; Schema: public; Owner: postgres
--

ALTER TABLE ONLY public.auth_user_groups
    ADD CONSTRAINT auth_user_groups_user_id_group_id_94350c0c_uniq UNIQUE (user_id, group_id);


--
-- Name: auth_user auth_user_pkey; Type: CONSTRAINT; Schema: public; Owner: postgres
--

ALTER TABLE ONLY public.auth_user
    ADD CONSTRAINT auth_user_pkey PRIMARY KEY (id);


--
-- Name: auth_user_user_permissions auth_user_user_permissions_pkey; Type: CONSTRAINT; Schema: public; Owner: postgres
--

ALTER TABLE ONLY public.auth_user_user_permissions
    ADD CONSTRAINT auth_user_user_permissions_pkey PRIMARY KEY (id);


--
-- Name: auth_user_user_permissions auth_user_user_permissions_user_id_permission_id_14a6b632_uniq; Type: CONSTRAINT; Schema: public; Owner: postgres
--

ALTER TABLE ONLY public.auth_user_user_permissions
    ADD CONSTRAINT auth_user_user_permissions_user_id_permission_id_14a6b632_uniq UNIQUE (user_id, permission_id);


--
-- Name: auth_user auth_user_username_key; Type: CONSTRAINT; Schema: public; Owner: postgres
--

ALTER TABLE ONLY public.auth_user
    ADD CONSTRAINT auth_user_username_key UNIQUE (username);


--
-- Name: django_admin_log django_admin_log_pkey; Type: CONSTRAINT; Schema: public; Owner: postgres
--

ALTER TABLE ONLY public.django_admin_log
    ADD CONSTRAINT django_admin_log_pkey PRIMARY KEY (id);


--
-- Name: django_content_type django_content_type_app_label_model_76bd3d3b_uniq; Type: CONSTRAINT; Schema: public; Owner: postgres
--

ALTER TABLE ONLY public.django_content_type
    ADD CONSTRAINT django_content_type_app_label_model_76bd3d3b_uniq UNIQUE (app_label, model);


--
-- Name: django_content_type django_content_type_pkey; Type: CONSTRAINT; Schema: public; Owner: postgres
--

ALTER TABLE ONLY public.django_content_type
    ADD CONSTRAINT django_content_type_pkey PRIMARY KEY (id);


--
-- Name: django_migrations django_migrations_pkey; Type: CONSTRAINT; Schema: public; Owner: postgres
--

ALTER TABLE ONLY public.django_migrations
    ADD CONSTRAINT django_migrations_pkey PRIMARY KEY (id);


--
-- Name: django_session django_session_pkey; Type: CONSTRAINT; Schema: public; Owner: postgres
--

ALTER TABLE ONLY public.django_session
    ADD CONSTRAINT django_session_pkey PRIMARY KEY (session_key);


--
-- Name: meals_household meals_household_pkey; Type: CONSTRAINT; Schema: public; Owner: postgres
--

ALTER TABLE ONLY public.meals_household
    ADD CONSTRAINT meals_household_pkey PRIMARY KEY (id);


--
-- Name: meals_householdingredient meals_householdingredien_household_id_ingredient__080c0a7e_uniq; Type: CONSTRAINT; Schema: public; Owner: postgres
--

ALTER TABLE ONLY public.meals_householdingredient
    ADD CONSTRAINT meals_householdingredien_household_id_ingredient__080c0a7e_uniq UNIQUE (household_id, ingredient_id);


--
-- Name: meals_householdingredient meals_householdingredient_pkey; Type: CONSTRAINT; Schema: public; Owner: postgres
--

ALTER TABLE ONLY public.meals_householdingredient
    ADD CONSTRAINT meals_householdingredient_pkey PRIMARY KEY (id);


--
-- Name: meals_ingredient meals_ingredient_pkey; Type: CONSTRAINT; Schema: public; Owner: postgres
--

ALTER TABLE ONLY public.meals_ingredient
    ADD CONSTRAINT meals_ingredient_pkey PRIMARY KEY (id);


--
-- Name: meals_ingredientnutritiontoken meals_ingredientnutritio_ingredient_id_token_id_a771f7b2_uniq; Type: CONSTRAINT; Schema: public; Owner: postgres
--

ALTER TABLE ONLY public.meals_ingredientnutritiontoken
    ADD CONSTRAINT meals_ingredientnutritio_ingredient_id_token_id_a771f7b2_uniq UNIQUE (ingredient_id, token_id);


--
-- Name: meals_ingredientnutritiontoken meals_ingredientnutritiontoken_pkey; Type: CONSTRAINT; Schema: public; Owner: postgres
--

ALTER TABLE ONLY public.meals_ingredientnutritiontoken
    ADD CONSTRAINT meals_ingredientnutritiontoken_pkey PRIMARY KEY (id);


--
-- Name: meals_ingredientmeasure meals_ingredientunitconv_ingredient_id_unit_descr_0a5441ad_uniq; Type: CONSTRAINT; Schema: public; Owner: postgres
--

ALTER TABLE ONLY public.meals_ingredientmeasure
    ADD CONSTRAINT meals_ingredientunitconv_ingredient_id_unit_descr_0a5441ad_uniq UNIQUE (ingredient_id, unit_description);


--
-- Name: meals_ingredientmeasure meals_ingredientunitconversion_pkey; Type: CONSTRAINT; Schema: public; Owner: postgres
--

ALTER TABLE ONLY public.meals_ingredientmeasure
    ADD CONSTRAINT meals_ingredientunitconversion_pkey PRIMARY KEY (id);


--
-- Name: meals_mealingredient meals_mealingredient_pkey; Type: CONSTRAINT; Schema: public; Owner: postgres
--

ALTER TABLE ONLY public.meals_mealingredient
    ADD CONSTRAINT meals_mealingredient_pkey PRIMARY KEY (id);


--
-- Name: meals_menu meals_menu_pkey; Type: CONSTRAINT; Schema: public; Owner: postgres
--

ALTER TABLE ONLY public.meals_menu
    ADD CONSTRAINT meals_menu_pkey PRIMARY KEY (id);


--
-- Name: meals_menumeal meals_menumeal_pkey; Type: CONSTRAINT; Schema: public; Owner: postgres
--

ALTER TABLE ONLY public.meals_menumeal
    ADD CONSTRAINT meals_menumeal_pkey PRIMARY KEY (id);


--
-- Name: meals_nutritiontoken meals_nutritiontoken_name_key; Type: CONSTRAINT; Schema: public; Owner: postgres
--

ALTER TABLE ONLY public.meals_nutritiontoken
    ADD CONSTRAINT meals_nutritiontoken_name_key UNIQUE (name);


--
-- Name: meals_nutritiontoken meals_nutritiontoken_pkey; Type: CONSTRAINT; Schema: public; Owner: postgres
--

ALTER TABLE ONLY public.meals_nutritiontoken
    ADD CONSTRAINT meals_nutritiontoken_pkey PRIMARY KEY (id);


--
-- Name: meals_meal meals_recipe_pkey; Type: CONSTRAINT; Schema: public; Owner: postgres
--

ALTER TABLE ONLY public.meals_meal
    ADD CONSTRAINT meals_recipe_pkey PRIMARY KEY (id);


--
-- Name: meals_menumeal unique_meal_per_day_and_slot; Type: CONSTRAINT; Schema: public; Owner: postgres
--

ALTER TABLE ONLY public.meals_menumeal
    ADD CONSTRAINT unique_meal_per_day_and_slot UNIQUE (menu_id, day_number, meal_type);


--
-- Name: meals_menumeal unique_meal_per_menu; Type: CONSTRAINT; Schema: public; Owner: postgres
--

ALTER TABLE ONLY public.meals_menumeal
    ADD CONSTRAINT unique_meal_per_menu UNIQUE (menu_id, meal_id);


--
-- Name: auth_group_name_a6ea08ec_like; Type: INDEX; Schema: public; Owner: postgres
--

CREATE INDEX auth_group_name_a6ea08ec_like ON public.auth_group USING btree (name varchar_pattern_ops);


--
-- Name: auth_group_permissions_group_id_b120cbf9; Type: INDEX; Schema: public; Owner: postgres
--

CREATE INDEX auth_group_permissions_group_id_b120cbf9 ON public.auth_group_permissions USING btree (group_id);


--
-- Name: auth_group_permissions_permission_id_84c5c92e; Type: INDEX; Schema: public; Owner: postgres
--

CREATE INDEX auth_group_permissions_permission_id_84c5c92e ON public.auth_group_permissions USING btree (permission_id);


--
-- Name: auth_permission_content_type_id_2f476e4b; Type: INDEX; Schema: public; Owner: postgres
--

CREATE INDEX auth_permission_content_type_id_2f476e4b ON public.auth_permission USING btree (content_type_id);


--
-- Name: auth_user_groups_group_id_97559544; Type: INDEX; Schema: public; Owner: postgres
--

CREATE INDEX auth_user_groups_group_id_97559544 ON public.auth_user_groups USING btree (group_id);


--
-- Name: auth_user_groups_user_id_6a12ed8b; Type: INDEX; Schema: public; Owner: postgres
--

CREATE INDEX auth_user_groups_user_id_6a12ed8b ON public.auth_user_groups USING btree (user_id);


--
-- Name: auth_user_user_permissions_permission_id_1fbb5f2c; Type: INDEX; Schema: public; Owner: postgres
--

CREATE INDEX auth_user_user_permissions_permission_id_1fbb5f2c ON public.auth_user_user_permissions USING btree (permission_id);


--
-- Name: auth_user_user_permissions_user_id_a95ead1b; Type: INDEX; Schema: public; Owner: postgres
--

CREATE INDEX auth_user_user_permissions_user_id_a95ead1b ON public.auth_user_user_permissions USING btree (user_id);


--
-- Name: auth_user_username_6821ab7c_like; Type: INDEX; Schema: public; Owner: postgres
--

CREATE INDEX auth_user_username_6821ab7c_like ON public.auth_user USING btree (username varchar_pattern_ops);


--
-- Name: django_admin_log_content_type_id_c4bce8eb; Type: INDEX; Schema: public; Owner: postgres
--

CREATE INDEX django_admin_log_content_type_id_c4bce8eb ON public.django_admin_log USING btree (content_type_id);


--
-- Name: django_admin_log_user_id_c564eba6; Type: INDEX; Schema: public; Owner: postgres
--

CREATE INDEX django_admin_log_user_id_c564eba6 ON public.django_admin_log USING btree (user_id);


--
-- Name: django_session_expire_date_a5c62663; Type: INDEX; Schema: public; Owner: postgres
--

CREATE INDEX django_session_expire_date_a5c62663 ON public.django_session USING btree (expire_date);


--
-- Name: django_session_session_key_c0390e0f_like; Type: INDEX; Schema: public; Owner: postgres
--

CREATE INDEX django_session_session_key_c0390e0f_like ON public.django_session USING btree (session_key varchar_pattern_ops);


--
-- Name: meals_householdingredient_household_id_172584ba; Type: INDEX; Schema: public; Owner: postgres
--

CREATE INDEX meals_householdingredient_household_id_172584ba ON public.meals_householdingredient USING btree (household_id);


--
-- Name: meals_householdingredient_ingredient_id_32b2efda; Type: INDEX; Schema: public; Owner: postgres
--

CREATE INDEX meals_householdingredient_ingredient_id_32b2efda ON public.meals_householdingredient USING btree (ingredient_id);


--
-- Name: meals_ingredientnutritiontoken_ingredient_id_38bb311e; Type: INDEX; Schema: public; Owner: postgres
--

CREATE INDEX meals_ingredientnutritiontoken_ingredient_id_38bb311e ON public.meals_ingredientnutritiontoken USING btree (ingredient_id);


--
-- Name: meals_ingredientnutritiontoken_token_id_c222897e; Type: INDEX; Schema: public; Owner: postgres
--

CREATE INDEX meals_ingredientnutritiontoken_token_id_c222897e ON public.meals_ingredientnutritiontoken USING btree (token_id);


--
-- Name: meals_ingredientunitconversion_ingredient_id_c94cc919; Type: INDEX; Schema: public; Owner: postgres
--

CREATE INDEX meals_ingredientunitconversion_ingredient_id_c94cc919 ON public.meals_ingredientmeasure USING btree (ingredient_id);


--
-- Name: meals_mealingredient_ingredient_id_2199f42a; Type: INDEX; Schema: public; Owner: postgres
--

CREATE INDEX meals_mealingredient_ingredient_id_2199f42a ON public.meals_mealingredient USING btree (ingredient_id);


--
-- Name: meals_mealingredient_meal_id_cb0c2ee8; Type: INDEX; Schema: public; Owner: postgres
--

CREATE INDEX meals_mealingredient_meal_id_cb0c2ee8 ON public.meals_mealingredient USING btree (meal_id);


--
-- Name: meals_menu_household_id_f3622c99; Type: INDEX; Schema: public; Owner: postgres
--

CREATE INDEX meals_menu_household_id_f3622c99 ON public.meals_menu USING btree (household_id);


--
-- Name: meals_menumeal_meal_id_6a1ae675; Type: INDEX; Schema: public; Owner: postgres
--

CREATE INDEX meals_menumeal_meal_id_6a1ae675 ON public.meals_menumeal USING btree (meal_id);


--
-- Name: meals_menumeal_menu_id_26a06af0; Type: INDEX; Schema: public; Owner: postgres
--

CREATE INDEX meals_menumeal_menu_id_26a06af0 ON public.meals_menumeal USING btree (menu_id);


--
-- Name: meals_nutritiontoken_name_ae70aefb_like; Type: INDEX; Schema: public; Owner: postgres
--

CREATE INDEX meals_nutritiontoken_name_ae70aefb_like ON public.meals_nutritiontoken USING btree (name varchar_pattern_ops);


--
-- Name: auth_group_permissions auth_group_permissio_permission_id_84c5c92e_fk_auth_perm; Type: FK CONSTRAINT; Schema: public; Owner: postgres
--

ALTER TABLE ONLY public.auth_group_permissions
    ADD CONSTRAINT auth_group_permissio_permission_id_84c5c92e_fk_auth_perm FOREIGN KEY (permission_id) REFERENCES public.auth_permission(id) DEFERRABLE INITIALLY DEFERRED;


--
-- Name: auth_group_permissions auth_group_permissions_group_id_b120cbf9_fk_auth_group_id; Type: FK CONSTRAINT; Schema: public; Owner: postgres
--

ALTER TABLE ONLY public.auth_group_permissions
    ADD CONSTRAINT auth_group_permissions_group_id_b120cbf9_fk_auth_group_id FOREIGN KEY (group_id) REFERENCES public.auth_group(id) DEFERRABLE INITIALLY DEFERRED;


--
-- Name: auth_permission auth_permission_content_type_id_2f476e4b_fk_django_co; Type: FK CONSTRAINT; Schema: public; Owner: postgres
--

ALTER TABLE ONLY public.auth_permission
    ADD CONSTRAINT auth_permission_content_type_id_2f476e4b_fk_django_co FOREIGN KEY (content_type_id) REFERENCES public.django_content_type(id) DEFERRABLE INITIALLY DEFERRED;


--
-- Name: auth_user_groups auth_user_groups_group_id_97559544_fk_auth_group_id; Type: FK CONSTRAINT; Schema: public; Owner: postgres
--

ALTER TABLE ONLY public.auth_user_groups
    ADD CONSTRAINT auth_user_groups_group_id_97559544_fk_auth_group_id FOREIGN KEY (group_id) REFERENCES public.auth_group(id) DEFERRABLE INITIALLY DEFERRED;


--
-- Name: auth_user_groups auth_user_groups_user_id_6a12ed8b_fk_auth_user_id; Type: FK CONSTRAINT; Schema: public; Owner: postgres
--

ALTER TABLE ONLY public.auth_user_groups
    ADD CONSTRAINT auth_user_groups_user_id_6a12ed8b_fk_auth_user_id FOREIGN KEY (user_id) REFERENCES public.auth_user(id) DEFERRABLE INITIALLY DEFERRED;


--
-- Name: auth_user_user_permissions auth_user_user_permi_permission_id_1fbb5f2c_fk_auth_perm; Type: FK CONSTRAINT; Schema: public; Owner: postgres
--

ALTER TABLE ONLY public.auth_user_user_permissions
    ADD CONSTRAINT auth_user_user_permi_permission_id_1fbb5f2c_fk_auth_perm FOREIGN KEY (permission_id) REFERENCES public.auth_permission(id) DEFERRABLE INITIALLY DEFERRED;


--
-- Name: auth_user_user_permissions auth_user_user_permissions_user_id_a95ead1b_fk_auth_user_id; Type: FK CONSTRAINT; Schema: public; Owner: postgres
--

ALTER TABLE ONLY public.auth_user_user_permissions
    ADD CONSTRAINT auth_user_user_permissions_user_id_a95ead1b_fk_auth_user_id FOREIGN KEY (user_id) REFERENCES public.auth_user(id) DEFERRABLE INITIALLY DEFERRED;


--
-- Name: django_admin_log django_admin_log_content_type_id_c4bce8eb_fk_django_co; Type: FK CONSTRAINT; Schema: public; Owner: postgres
--

ALTER TABLE ONLY public.django_admin_log
    ADD CONSTRAINT django_admin_log_content_type_id_c4bce8eb_fk_django_co FOREIGN KEY (content_type_id) REFERENCES public.django_content_type(id) DEFERRABLE INITIALLY DEFERRED;


--
-- Name: django_admin_log django_admin_log_user_id_c564eba6_fk_auth_user_id; Type: FK CONSTRAINT; Schema: public; Owner: postgres
--

ALTER TABLE ONLY public.django_admin_log
    ADD CONSTRAINT django_admin_log_user_id_c564eba6_fk_auth_user_id FOREIGN KEY (user_id) REFERENCES public.auth_user(id) DEFERRABLE INITIALLY DEFERRED;


--
-- Name: meals_householdingredient meals_householdingre_household_id_172584ba_fk_meals_hou; Type: FK CONSTRAINT; Schema: public; Owner: postgres
--

ALTER TABLE ONLY public.meals_householdingredient
    ADD CONSTRAINT meals_householdingre_household_id_172584ba_fk_meals_hou FOREIGN KEY (household_id) REFERENCES public.meals_household(id) DEFERRABLE INITIALLY DEFERRED;


--
-- Name: meals_householdingredient meals_householdingre_ingredient_id_32b2efda_fk_meals_ing; Type: FK CONSTRAINT; Schema: public; Owner: postgres
--

ALTER TABLE ONLY public.meals_householdingredient
    ADD CONSTRAINT meals_householdingre_ingredient_id_32b2efda_fk_meals_ing FOREIGN KEY (ingredient_id) REFERENCES public.meals_ingredient(id) DEFERRABLE INITIALLY DEFERRED;


--
-- Name: meals_ingredientnutritiontoken meals_ingredientnutr_ingredient_id_38bb311e_fk_meals_ing; Type: FK CONSTRAINT; Schema: public; Owner: postgres
--

ALTER TABLE ONLY public.meals_ingredientnutritiontoken
    ADD CONSTRAINT meals_ingredientnutr_ingredient_id_38bb311e_fk_meals_ing FOREIGN KEY (ingredient_id) REFERENCES public.meals_ingredient(id) DEFERRABLE INITIALLY DEFERRED;


--
-- Name: meals_ingredientnutritiontoken meals_ingredientnutr_token_id_c222897e_fk_meals_nut; Type: FK CONSTRAINT; Schema: public; Owner: postgres
--

ALTER TABLE ONLY public.meals_ingredientnutritiontoken
    ADD CONSTRAINT meals_ingredientnutr_token_id_c222897e_fk_meals_nut FOREIGN KEY (token_id) REFERENCES public.meals_nutritiontoken(id) DEFERRABLE INITIALLY DEFERRED;


--
-- Name: meals_ingredientmeasure meals_ingredientunit_ingredient_id_c94cc919_fk_meals_ing; Type: FK CONSTRAINT; Schema: public; Owner: postgres
--

ALTER TABLE ONLY public.meals_ingredientmeasure
    ADD CONSTRAINT meals_ingredientunit_ingredient_id_c94cc919_fk_meals_ing FOREIGN KEY (ingredient_id) REFERENCES public.meals_ingredient(id) DEFERRABLE INITIALLY DEFERRED;


--
-- Name: meals_mealingredient meals_mealingredient_ingredient_id_2199f42a_fk_meals_ing; Type: FK CONSTRAINT; Schema: public; Owner: postgres
--

ALTER TABLE ONLY public.meals_mealingredient
    ADD CONSTRAINT meals_mealingredient_ingredient_id_2199f42a_fk_meals_ing FOREIGN KEY (ingredient_id) REFERENCES public.meals_ingredient(id) DEFERRABLE INITIALLY DEFERRED;


--
-- Name: meals_mealingredient meals_mealingredient_meal_id_cb0c2ee8_fk_meals_meal_id; Type: FK CONSTRAINT; Schema: public; Owner: postgres
--

ALTER TABLE ONLY public.meals_mealingredient
    ADD CONSTRAINT meals_mealingredient_meal_id_cb0c2ee8_fk_meals_meal_id FOREIGN KEY (meal_id) REFERENCES public.meals_meal(id) DEFERRABLE INITIALLY DEFERRED;


--
-- Name: meals_menu meals_menu_household_id_f3622c99_fk_meals_household_id; Type: FK CONSTRAINT; Schema: public; Owner: postgres
--

ALTER TABLE ONLY public.meals_menu
    ADD CONSTRAINT meals_menu_household_id_f3622c99_fk_meals_household_id FOREIGN KEY (household_id) REFERENCES public.meals_household(id) DEFERRABLE INITIALLY DEFERRED;


--
-- Name: meals_menumeal meals_menumeal_meal_id_6a1ae675_fk_meals_meal_id; Type: FK CONSTRAINT; Schema: public; Owner: postgres
--

ALTER TABLE ONLY public.meals_menumeal
    ADD CONSTRAINT meals_menumeal_meal_id_6a1ae675_fk_meals_meal_id FOREIGN KEY (meal_id) REFERENCES public.meals_meal(id) DEFERRABLE INITIALLY DEFERRED;


--
-- Name: meals_menumeal meals_menumeal_menu_id_26a06af0_fk_meals_menu_id; Type: FK CONSTRAINT; Schema: public; Owner: postgres
--

ALTER TABLE ONLY public.meals_menumeal
    ADD CONSTRAINT meals_menumeal_menu_id_26a06af0_fk_meals_menu_id FOREIGN KEY (menu_id) REFERENCES public.meals_menu(id) DEFERRABLE INITIALLY DEFERRED;


--
-- Name: TABLE auth_group; Type: ACL; Schema: public; Owner: postgres
--

GRANT ALL ON TABLE public.auth_group TO plato;


--
-- Name: TABLE auth_group_permissions; Type: ACL; Schema: public; Owner: postgres
--

GRANT ALL ON TABLE public.auth_group_permissions TO plato;


--
-- Name: TABLE auth_permission; Type: ACL; Schema: public; Owner: postgres
--

GRANT ALL ON TABLE public.auth_permission TO plato;


--
-- Name: TABLE auth_user; Type: ACL; Schema: public; Owner: postgres
--

GRANT ALL ON TABLE public.auth_user TO plato;


--
-- Name: TABLE auth_user_groups; Type: ACL; Schema: public; Owner: postgres
--

GRANT ALL ON TABLE public.auth_user_groups TO plato;


--
-- Name: TABLE auth_user_user_permissions; Type: ACL; Schema: public; Owner: postgres
--

GRANT ALL ON TABLE public.auth_user_user_permissions TO plato;


--
-- Name: TABLE django_admin_log; Type: ACL; Schema: public; Owner: postgres
--

GRANT ALL ON TABLE public.django_admin_log TO plato;


--
-- Name: TABLE django_content_type; Type: ACL; Schema: public; Owner: postgres
--

GRANT ALL ON TABLE public.django_content_type TO plato;


--
-- Name: TABLE django_migrations; Type: ACL; Schema: public; Owner: postgres
--

GRANT ALL ON TABLE public.django_migrations TO plato;


--
-- Name: TABLE django_session; Type: ACL; Schema: public; Owner: postgres
--

GRANT ALL ON TABLE public.django_session TO plato;


--
-- Name: TABLE meals_household; Type: ACL; Schema: public; Owner: postgres
--

GRANT ALL ON TABLE public.meals_household TO plato;


--
-- Name: TABLE meals_householdingredient; Type: ACL; Schema: public; Owner: postgres
--

GRANT ALL ON TABLE public.meals_householdingredient TO plato;


--
-- Name: TABLE meals_ingredient; Type: ACL; Schema: public; Owner: postgres
--

GRANT ALL ON TABLE public.meals_ingredient TO plato;


--
-- Name: TABLE meals_ingredientmeasure; Type: ACL; Schema: public; Owner: postgres
--

GRANT ALL ON TABLE public.meals_ingredientmeasure TO plato;


--
-- Name: TABLE meals_ingredientnutritiontoken; Type: ACL; Schema: public; Owner: postgres
--

GRANT ALL ON TABLE public.meals_ingredientnutritiontoken TO plato;


--
-- Name: TABLE meals_meal; Type: ACL; Schema: public; Owner: postgres
--

GRANT ALL ON TABLE public.meals_meal TO plato;


--
-- Name: TABLE meals_mealingredient; Type: ACL; Schema: public; Owner: postgres
--

GRANT ALL ON TABLE public.meals_mealingredient TO plato;


--
-- Name: TABLE meals_menu; Type: ACL; Schema: public; Owner: postgres
--

GRANT ALL ON TABLE public.meals_menu TO plato;


--
-- Name: TABLE meals_menumeal; Type: ACL; Schema: public; Owner: postgres
--

GRANT ALL ON TABLE public.meals_menumeal TO plato;


--
-- Name: TABLE meals_nutritiontoken; Type: ACL; Schema: public; Owner: postgres
--

GRANT ALL ON TABLE public.meals_nutritiontoken TO plato;


--
-- Name: DEFAULT PRIVILEGES FOR TABLES; Type: DEFAULT ACL; Schema: -; Owner: postgres
--

ALTER DEFAULT PRIVILEGES FOR ROLE postgres GRANT ALL ON TABLES TO plato;


--
-- PostgreSQL database dump complete
--

